record,slice_name,total_texts,first_text_id,last_text_id,tmp_slice_path,final_slice_path,conllu_path,origin_filepath,data_origin_group,final_df_path,exclusions_path,slice_number,started_at,finished_at,parsing_time,slice_number_str,days,time,seconds,kept_df_mtime,excl_df_mtime,slice_df_mtime,conllu_mtime,kept_df_gzMB,excl_df_gzMB,slice_df_gzMB,conllu_MB
00-047-2903,Pcc00_047,9999,pcc_eng_00_047.0001_x0743520,pcc_eng_00_047.9999_x0759669,pile_tables/slices/Pcc00/tmp/pile_00-047_Pile-CC_df.pkl.gz,pile_tables/slices/Pcc00/pile_00-047_Pile-CC_df.pkl.gz,Pcc00.conll/pcc_eng_00-047.conllu,/share/compling/data/pile/train/00.jsonl,00,pile_tables/pile_00_Pile-CC_df.pkl.gz,pile_exclusions/pile_00_Pile-CC_excl.pkl.gz,47,2022-05-25 20:06:00,2022-05-25 20:44:00,0 days 00:38:16,047,0,0 days 00:38:16,2296,2022-04-13 03:59:00,2022-06-28 16:52:00,2022-04-13 04:02:00,2022-06-28 16:04:00,1012.75,1751.92,9.57,388.97
00-065-2971,Pcc00_065,9999,pcc_eng_00_065.0001_x1034779,pcc_eng_00_065.9999_x1050699,pile_tables/slices/Pcc00/tmp/pile_00-065_Pile-CC_df.pkl.gz,pile_tables/slices/Pcc00/pile_00-065_Pile-CC_df.pkl.gz,Pcc00.conll/pcc_eng_00-065.conllu,/share/compling/data/pile/train/00.jsonl,00,pile_tables/pile_00_Pile-CC_df.pkl.gz,pile_exclusions/pile_00_Pile-CC_excl.pkl.gz,65,2022-05-26 06:40:00,2022-05-26 07:13:00,0 days 00:33:46,065,0,0 days 00:33:46,2026,2022-04-13 03:59:00,2022-06-28 16:52:00,2022-04-13 04:02:00,2022-06-28 16:44:00,1012.75,1751.92,9.31,378.42
01-034-1930,Pcc01_034,9999,pcc_eng_01_034.0001_x0533314,pcc_eng_01_034.9999_x0549283,pile_tables/slices/Pcc01/tmp/pile_01-034_Pile-CC_df.pkl.gz,pile_tables/slices/Pcc01/pile_01-034_Pile-CC_df.pkl.gz,Pcc01.conll/pcc_eng_01-034.conllu,/share/compling/data/pile/train/01.jsonl,01,pile_tables/pile_01_Pile-CC_df.pkl.gz,pile_exclusions/pile_01_Pile-CC_excl.pkl.gz,34,2022-05-02 17:06:00,2022-05-02 17:50:00,0 days 00:43:46,034,0,0 days 00:43:46,2626,2022-04-13 03:31:00,2022-06-28 22:33:00,2022-04-13 03:32:00,2022-06-28 15:19:00,1013.13,0.2,9.17,370.51
01-061-2416,Pcc01_061,9999,pcc_eng_01_061.0001_x0970394,pcc_eng_01_061.9999_x0986730,pile_tables/slices/Pcc01/tmp/pile_01-061_Pile-CC_df.pkl.gz,pile_tables/slices/Pcc01/pile_01-061_Pile-CC_df.pkl.gz,Pcc01.conll/pcc_eng_01-061.conllu,/share/compling/data/pile/train/01.jsonl,01,pile_tables/pile_01_Pile-CC_df.pkl.gz,pile_exclusions/pile_01_Pile-CC_excl.pkl.gz,61,2022-05-04 04:09:00,2022-05-04 04:47:00,0 days 00:38:05,061,0,0 days 00:38:05,2285,2022-04-13 03:31:00,2022-06-28 22:33:00,2022-04-13 03:33:00,2022-06-28 22:00:00,1013.13,0.2,9.57,393.15
01-064-2447,Pcc01_064,9999,pcc_eng_01_064.0001_x1019006,pcc_eng_01_064.9999_x1035050,pile_tables/slices/Pcc01/tmp/pile_01-064_Pile-CC_df.pkl.gz,pile_tables/slices/Pcc01/pile_01-064_Pile-CC_df.pkl.gz,Pcc01.conll/pcc_eng_01-064.conllu,/share/compling/data/pile/train/01.jsonl,01,pile_tables/pile_01_Pile-CC_df.pkl.gz,pile_exclusions/pile_01_Pile-CC_excl.pkl.gz,64,2022-05-04 06:02:00,2022-05-04 06:41:00,0 days 00:38:29,064,0,0 days 00:38:29,2309,2022-04-13 03:31:00,2022-06-28 22:33:00,2022-04-13 03:34:00,2022-06-28 22:33:00,1013.13,0.2,9.66,392.46
02-057-2083,Pcc02_057,9999,pcc_eng_02_057.0001_x0905861,pcc_eng_02_057.9999_x0922056,pile_tables/slices/Pcc02/tmp/pile_02-057_Pile-CC_df.pkl.gz,pile_tables/slices/Pcc02/pile_02-057_Pile-CC_df.pkl.gz,Pcc02.conll/pcc_eng_02-057.conllu,/share/compling/data/pile/train/02.jsonl,02,pile_tables/pile_02_Pile-CC_df.pkl.gz,pile_exclusions/pile_02_Pile-CC_excl.pkl.gz,57,2022-05-03 01:53:00,2022-05-03 02:37:00,0 days 00:43:57,057,0,0 days 00:43:57,2637,2022-04-13 03:39:00,2022-06-28 22:15:00,2022-04-13 03:42:00,2022-06-28 15:15:00,1015.8,1753.62,9.61,388.95
02-080-2902,Pcc02_080,9999,pcc_eng_02_080.0001_x1277404,pcc_eng_02_080.9999_x1293574,pile_tables/slices/Pcc02/tmp/pile_02-080_Pile-CC_df.pkl.gz,pile_tables/slices/Pcc02/pile_02-080_Pile-CC_df.pkl.gz,Pcc02.conll/pcc_eng_02-080.conllu,/share/compling/data/pile/train/02.jsonl,02,pile_tables/pile_02_Pile-CC_df.pkl.gz,pile_exclusions/pile_02_Pile-CC_excl.pkl.gz,80,2022-05-25 20:06:00,2022-05-25 20:40:00,0 days 00:34:23,080,0,0 days 00:34:23,2063,2022-04-13 03:39:00,2022-06-28 22:15:00,2022-04-13 03:43:00,2022-06-28 22:06:00,1015.8,1753.62,9.47,383.51
06-009-1966,Pcc06_009,9999,pcc_eng_06_009.0001_x0129313,pcc_eng_06_009.9999_x0145413,pile_tables/slices/Pcc06/tmp/pile_06-009_Pile-CC_df.pkl.gz,pile_tables/slices/Pcc06/pile_06-009_Pile-CC_df.pkl.gz,Pcc06.conll/pcc_eng_06-009.conllu,/share/compling/data/pile/train/06.jsonl,06,pile_tables/pile_06_Pile-CC_df.pkl.gz,pile_exclusions/pile_06_Pile-CC_excl.pkl.gz,9,2022-05-02 20:09:00,2022-05-02 20:46:00,0 days 00:36:33,009,0,0 days 00:36:33,2193,2022-04-13 03:43:00,2022-06-28 15:29:00,2022-04-13 03:44:00,2022-06-28 15:21:00,1010.45,1753.28,9.45,383.9
10-072-1770,Pcc10_072,9999,pcc_eng_10_072.0001_x1147792,pcc_eng_10_072.9999_x1163925,pile_tables/slices/Pcc10/tmp/pile_10-072_Pile-CC_df.pkl.gz,pile_tables/slices/Pcc10/pile_10-072_Pile-CC_df.pkl.gz,Pcc10.conll/pcc_eng_10-072.conllu,/share/compling/data/pile/train/10.jsonl,10,pile_tables/pile_10_Pile-CC_df.pkl.gz,pile_exclusions/pile_10_Pile-CC_excl.pkl.gz,72,2022-04-28 13:11:00,2022-04-28 13:50:00,0 days 00:39:04,072,0,0 days 00:39:04,2344,2022-04-13 02:54:00,2022-06-28 15:49:00,2022-04-13 02:57:00,2022-06-28 15:08:00,1015.61,1740.5,9.3,374.87
10-095-1928,Pcc10_095,9999,pcc_eng_10_095.0001_x1519705,pcc_eng_10_095.9999_x1535833,pile_tables/slices/Pcc10/tmp/pile_10-095_Pile-CC_df.pkl.gz,pile_tables/slices/Pcc10/pile_10-095_Pile-CC_df.pkl.gz,Pcc10.conll/pcc_eng_10-095.conllu,/share/compling/data/pile/train/10.jsonl,10,pile_tables/pile_10_Pile-CC_df.pkl.gz,pile_exclusions/pile_10_Pile-CC_excl.pkl.gz,95,2022-05-02 17:06:00,2022-05-02 17:49:00,0 days 00:42:56,095,0,0 days 00:42:56,2576,2022-04-13 02:54:00,2022-06-28 15:49:00,2022-04-13 02:58:00,2022-06-28 15:42:00,1015.61,1740.5,9.37,380.86
10-099-1974,Pcc10_099,9999,pcc_eng_10_099.0001_x1584476,pcc_eng_10_099.9999_x1600648,pile_tables/slices/Pcc10/tmp/pile_10-099_Pile-CC_df.pkl.gz,pile_tables/slices/Pcc10/pile_10-099_Pile-CC_df.pkl.gz,Pcc10.conll/pcc_eng_10-099.conllu,/share/compling/data/pile/train/10.jsonl,10,pile_tables/pile_10_Pile-CC_df.pkl.gz,pile_exclusions/pile_10_Pile-CC_excl.pkl.gz,99,2022-05-02 20:35:00,2022-05-02 21:17:00,0 days 00:42:43,099,0,0 days 00:42:43,2563,2022-04-13 02:54:00,2022-06-28 15:49:00,2022-04-13 02:58:00,2022-06-28 16:15:00,1015.61,1740.5,9.51,385.47
12-048-2543,Pcc12_048,9999,pcc_eng_12_048.0001_x0759570,pcc_eng_12_048.9999_x0775714,pile_tables/slices/Pcc12/tmp/pile_12-048_Pile-CC_df.pkl.gz,pile_tables/slices/Pcc12/pile_12-048_Pile-CC_df.pkl.gz,Pcc12.conll/pcc_eng_12-048.conllu,/share/compling/data/pile/train/12.jsonl,12,pile_tables/pile_12_Pile-CC_df.pkl.gz,pile_exclusions/pile_12_Pile-CC_excl.pkl.gz,48,2022-05-04 12:16:00,2022-05-04 12:44:00,0 days 00:28:25,048,0,0 days 00:28:25,1705,2022-04-13 03:31:00,2022-06-28 15:27:00,2022-04-13 03:34:00,2022-06-28 15:19:00,1012.83,1753.78,9.56,388.76
18-041-2325,Pcc18_041,9999,pcc_eng_18_041.0001_x0647271,pcc_eng_18_041.9999_x0663393,pile_tables/slices/Pcc18/tmp/pile_18-041_Pile-CC_df.pkl.gz,pile_tables/slices/Pcc18/pile_18-041_Pile-CC_df.pkl.gz,Pcc18.conll/pcc_eng_18-041.conllu,/share/compling/data/pile/train/18.jsonl,18,pile_tables/pile_18_Pile-CC_df.pkl.gz,pile_exclusions/pile_18_Pile-CC_excl.pkl.gz,41,2022-05-03 20:58:00,2022-05-03 21:41:00,0 days 00:42:55,041,0,0 days 00:42:55,2575,2022-04-20 01:52:00,2022-06-28 15:25:00,2022-04-20 01:54:00,2022-06-28 15:16:00,1010.5,1758.83,9.52,386.6
21-035-1858,Pcc21_035,9999,pcc_eng_21_035.0001_x0549800,pcc_eng_21_035.9999_x0566019,pile_tables/slices/Pcc21/tmp/pile_21-035_Pile-CC_df.pkl.gz,pile_tables/slices/Pcc21/pile_21-035_Pile-CC_df.pkl.gz,Pcc21.conll/pcc_eng_21-035.conllu,/share/compling/data/pile/train/21.jsonl,21,pile_tables/pile_21_Pile-CC_df.pkl.gz,pile_exclusions/pile_21_Pile-CC_excl.pkl.gz,35,2022-04-29 05:33:00,2022-04-29 06:23:00,0 days 00:50:10,035,0,0 days 00:50:10,3010,2022-04-28 00:16:00,2022-06-28 16:28:00,2022-04-28 00:18:00,2022-06-28 15:12:00,1014.81,1748.73,9.53,385.41
21-064-1921,Pcc21_064,9999,pcc_eng_21_064.0001_x1018064,pcc_eng_21_064.9999_x1034240,pile_tables/slices/Pcc21/tmp/pile_21-064_Pile-CC_df.pkl.gz,pile_tables/slices/Pcc21/pile_21-064_Pile-CC_df.pkl.gz,Pcc21.conll/pcc_eng_21-064.conllu,/share/compling/data/pile/train/21.jsonl,21,pile_tables/pile_21_Pile-CC_df.pkl.gz,pile_exclusions/pile_21_Pile-CC_excl.pkl.gz,64,2022-04-30 04:50:00,2022-04-30 05:41:00,0 days 00:51:02,064,0,0 days 00:51:02,3062,2022-04-28 00:16:00,2022-06-28 16:28:00,2022-04-28 00:20:00,2022-06-28 15:50:00,1014.81,1748.73,9.35,377.28
21-088-2354,Pcc21_088,9999,pcc_eng_21_088.0001_x1406068,pcc_eng_21_088.9999_x1422222,pile_tables/slices/Pcc21/tmp/pile_21-088_Pile-CC_df.pkl.gz,pile_tables/slices/Pcc21/pile_21-088_Pile-CC_df.pkl.gz,Pcc21.conll/pcc_eng_21-088.conllu,/share/compling/data/pile/train/21.jsonl,21,pile_tables/pile_21_Pile-CC_df.pkl.gz,pile_exclusions/pile_21_Pile-CC_excl.pkl.gz,88,2022-05-04 00:19:00,2022-05-04 00:54:00,0 days 00:34:28,088,0,0 days 00:34:28,2068,2022-04-28 00:16:00,2022-06-28 16:28:00,2022-04-28 00:21:00,2022-06-28 16:20:00,1014.81,1748.73,9.47,384.07
22-001-1655,Pcc22_001,9999,pcc_eng_22_001.0001_x0000001,pcc_eng_22_001.9999_x0016264,pile_tables/slices/Pcc22/tmp/pile_22-001_Pile-CC_df.pkl.gz,pile_tables/slices/Pcc22/pile_22-001_Pile-CC_df.pkl.gz,Pcc22.conll/pcc_eng_22-001.conllu,/share/compling/data/pile/train/22.jsonl,22,pile_tables/pile_22_Pile-CC_df.pkl.gz,pile_exclusions/pile_22_Pile-CC_excl.pkl.gz,1,2022-04-28 00:16:00,2022-04-28 01:03:00,0 days 00:46:32,001,0,0 days 00:46:32,2792,2022-04-28 00:11:00,2022-05-27 21:50:00,2022-04-28 00:11:00,2022-05-24 21:22:00,1013.06,2242.64,9.36,379.69
22-002-1664,Pcc22_002,9999,pcc_eng_22_002.0001_x0016265,pcc_eng_22_002.9999_x0032494,pile_tables/slices/Pcc22/tmp/pile_22-002_Pile-CC_df.pkl.gz,pile_tables/slices/Pcc22/pile_22-002_Pile-CC_df.pkl.gz,Pcc22.conll/pcc_eng_22-002.conllu,/share/compling/data/pile/train/22.jsonl,22,pile_tables/pile_22_Pile-CC_df.pkl.gz,pile_exclusions/pile_22_Pile-CC_excl.pkl.gz,2,2022-04-28 01:03:00,2022-04-28 01:54:00,0 days 00:51:12,002,0,0 days 00:51:12,3072,2022-04-28 00:11:00,2022-05-27 21:50:00,2022-04-28 00:11:00,2022-05-24 21:57:00,1013.06,2242.64,9.65,392.68
22-003-1674,Pcc22_003,9999,pcc_eng_22_003.0001_x0032495,pcc_eng_22_003.9999_x0048664,pile_tables/slices/Pcc22/tmp/pile_22-003_Pile-CC_df.pkl.gz,pile_tables/slices/Pcc22/pile_22-003_Pile-CC_df.pkl.gz,Pcc22.conll/pcc_eng_22-003.conllu,/share/compling/data/pile/train/22.jsonl,22,pile_tables/pile_22_Pile-CC_df.pkl.gz,pile_exclusions/pile_22_Pile-CC_excl.pkl.gz,3,2022-04-28 01:54:00,2022-04-28 02:40:00,0 days 00:46:20,003,0,0 days 00:46:20,2780,2022-04-28 00:11:00,2022-05-27 21:50:00,2022-04-28 00:11:00,2022-05-24 22:31:00,1013.06,2242.64,8.99,363.26
22-004-1683,Pcc22_004,9999,pcc_eng_22_004.0001_x0048665,pcc_eng_22_004.9999_x0064665,pile_tables/slices/Pcc22/tmp/pile_22-004_Pile-CC_df.pkl.gz,pile_tables/slices/Pcc22/pile_22-004_Pile-CC_df.pkl.gz,Pcc22.conll/pcc_eng_22-004.conllu,/share/compling/data/pile/train/22.jsonl,22,pile_tables/pile_22_Pile-CC_df.pkl.gz,pile_exclusions/pile_22_Pile-CC_excl.pkl.gz,4,2022-04-28 02:40:00,2022-04-28 03:28:00,0 days 00:47:13,004,0,0 days 00:47:13,2833,2022-04-28 00:11:00,2022-05-27 21:50:00,2022-04-28 00:11:00,2022-05-24 23:04:00,1013.06,2242.64,9.22,373.32
22-005-1691,Pcc22_005,9999,pcc_eng_22_005.0001_x0064675,pcc_eng_22_005.9999_x0080766,pile_tables/slices/Pcc22/tmp/pile_22-005_Pile-CC_df.pkl.gz,pile_tables/slices/Pcc22/pile_22-005_Pile-CC_df.pkl.gz,Pcc22.conll/pcc_eng_22-005.conllu,/share/compling/data/pile/train/22.jsonl,22,pile_tables/pile_22_Pile-CC_df.pkl.gz,pile_exclusions/pile_22_Pile-CC_excl.pkl.gz,5,2022-04-28 03:28:00,2022-04-28 04:17:00,0 days 00:49:46,005,0,0 days 00:49:46,2986,2022-04-28 00:11:00,2022-05-27 21:50:00,2022-04-28 00:12:00,2022-05-24 23:40:00,1013.06,2242.64,9.78,396.6
22-006-1701,Pcc22_006,9999,pcc_eng_22_006.0001_x0080767,pcc_eng_22_006.9999_x0096755,pile_tables/slices/Pcc22/tmp/pile_22-006_Pile-CC_df.pkl.gz,pile_tables/slices/Pcc22/pile_22-006_Pile-CC_df.pkl.gz,Pcc22.conll/pcc_eng_22-006.conllu,/share/compling/data/pile/train/22.jsonl,22,pile_tables/pile_22_Pile-CC_df.pkl.gz,pile_exclusions/pile_22_Pile-CC_excl.pkl.gz,6,2022-04-28 04:28:00,2022-04-28 05:16:00,0 days 00:48:20,006,0,0 days 00:48:20,2900,2022-04-28 00:11:00,2022-05-27 21:50:00,2022-04-28 00:12:00,2022-05-25 00:28:00,1013.06,2242.64,9.36,378.87
22-007-1708,Pcc22_007,9999,pcc_eng_22_007.0001_x0096756,pcc_eng_22_007.9999_x0112980,pile_tables/slices/Pcc22/tmp/pile_22-007_Pile-CC_df.pkl.gz,pile_tables/slices/Pcc22/pile_22-007_Pile-CC_df.pkl.gz,Pcc22.conll/pcc_eng_22-007.conllu,/share/compling/data/pile/train/22.jsonl,22,pile_tables/pile_22_Pile-CC_df.pkl.gz,pile_exclusions/pile_22_Pile-CC_excl.pkl.gz,7,2022-04-28 05:16:00,2022-04-28 06:05:00,0 days 00:48:25,007,0,0 days 00:48:25,2905,2022-04-28 00:11:00,2022-05-27 21:50:00,2022-04-28 00:12:00,2022-05-25 01:04:00,1013.06,2242.64,9.37,381.69
22-008-1715,Pcc22_008,9999,pcc_eng_22_008.0001_x0112981,pcc_eng_22_008.9999_x0129052,pile_tables/slices/Pcc22/tmp/pile_22-008_Pile-CC_df.pkl.gz,pile_tables/slices/Pcc22/pile_22-008_Pile-CC_df.pkl.gz,Pcc22.conll/pcc_eng_22-008.conllu,/share/compling/data/pile/train/22.jsonl,22,pile_tables/pile_22_Pile-CC_df.pkl.gz,pile_exclusions/pile_22_Pile-CC_excl.pkl.gz,8,2022-04-28 06:05:00,2022-04-28 06:55:00,0 days 00:50:44,008,0,0 days 00:50:44,3044,2022-04-28 00:11:00,2022-05-27 21:50:00,2022-04-28 00:12:00,2022-05-25 01:41:00,1013.06,2242.64,9.44,384.44
22-009-1722,Pcc22_009,9999,pcc_eng_22_009.0001_x0129053,pcc_eng_22_009.9999_x0145100,pile_tables/slices/Pcc22/tmp/pile_22-009_Pile-CC_df.pkl.gz,pile_tables/slices/Pcc22/pile_22-009_Pile-CC_df.pkl.gz,Pcc22.conll/pcc_eng_22-009.conllu,/share/compling/data/pile/train/22.jsonl,22,pile_tables/pile_22_Pile-CC_df.pkl.gz,pile_exclusions/pile_22_Pile-CC_excl.pkl.gz,9,2022-04-28 06:55:00,2022-04-28 07:44:00,0 days 00:48:27,009,0,0 days 00:48:27,2907,2022-04-28 00:11:00,2022-05-27 21:50:00,2022-04-28 00:12:00,2022-05-25 02:15:00,1013.06,2242.64,9.36,380.02
22-010-1729,Pcc22_010,9999,pcc_eng_22_010.0001_x0145103,pcc_eng_22_010.9999_x0161349,pile_tables/slices/Pcc22/tmp/pile_22-010_Pile-CC_df.pkl.gz,pile_tables/slices/Pcc22/pile_22-010_Pile-CC_df.pkl.gz,Pcc22.conll/pcc_eng_22-010.conllu,/share/compling/data/pile/train/22.jsonl,22,pile_tables/pile_22_Pile-CC_df.pkl.gz,pile_exclusions/pile_22_Pile-CC_excl.pkl.gz,10,2022-04-28 07:44:00,2022-04-28 08:33:00,0 days 00:48:57,010,0,0 days 00:48:57,2937,2022-04-28 00:11:00,2022-05-27 21:50:00,2022-04-28 00:12:00,2022-05-25 02:50:00,1013.06,2242.64,9.46,381.78
22-011-1737,Pcc22_011,9999,pcc_eng_22_011.0001_x0161351,pcc_eng_22_011.9999_x0177454,pile_tables/slices/Pcc22/tmp/pile_22-011_Pile-CC_df.pkl.gz,pile_tables/slices/Pcc22/pile_22-011_Pile-CC_df.pkl.gz,Pcc22.conll/pcc_eng_22-011.conllu,/share/compling/data/pile/train/22.jsonl,22,pile_tables/pile_22_Pile-CC_df.pkl.gz,pile_exclusions/pile_22_Pile-CC_excl.pkl.gz,11,2022-04-28 08:43:00,2022-04-28 09:32:00,0 days 00:48:53,011,0,0 days 00:48:53,2933,2022-04-28 00:11:00,2022-05-27 21:50:00,2022-04-28 00:12:00,2022-05-25 03:35:00,1013.06,2242.64,9.43,383.16
22-012-1743,Pcc22_012,9999,pcc_eng_22_012.0001_x0177455,pcc_eng_22_012.9999_x0193699,pile_tables/slices/Pcc22/tmp/pile_22-012_Pile-CC_df.pkl.gz,pile_tables/slices/Pcc22/pile_22-012_Pile-CC_df.pkl.gz,Pcc22.conll/pcc_eng_22-012.conllu,/share/compling/data/pile/train/22.jsonl,22,pile_tables/pile_22_Pile-CC_df.pkl.gz,pile_exclusions/pile_22_Pile-CC_excl.pkl.gz,12,2022-04-28 09:32:00,2022-04-28 10:22:00,0 days 00:49:35,012,0,0 days 00:49:35,2975,2022-04-28 00:11:00,2022-05-27 21:50:00,2022-04-28 00:12:00,2022-05-25 04:10:00,1013.06,2242.64,9.32,377.88
22-013-1749,Pcc22_013,9999,pcc_eng_22_013.0001_x0193700,pcc_eng_22_013.9999_x0209668,pile_tables/slices/Pcc22/tmp/pile_22-013_Pile-CC_df.pkl.gz,pile_tables/slices/Pcc22/pile_22-013_Pile-CC_df.pkl.gz,Pcc22.conll/pcc_eng_22-013.conllu,/share/compling/data/pile/train/22.jsonl,22,pile_tables/pile_22_Pile-CC_df.pkl.gz,pile_exclusions/pile_22_Pile-CC_excl.pkl.gz,13,2022-04-28 10:22:00,2022-04-28 11:11:00,0 days 00:49:37,013,0,0 days 00:49:37,2977,2022-04-28 00:11:00,2022-05-27 21:50:00,2022-04-28 00:12:00,2022-05-25 04:45:00,1013.06,2242.64,9.52,387.27
22-014-1756,Pcc22_014,9999,pcc_eng_22_014.0001_x0209669,pcc_eng_22_014.9999_x0225779,pile_tables/slices/Pcc22/tmp/pile_22-014_Pile-CC_df.pkl.gz,pile_tables/slices/Pcc22/pile_22-014_Pile-CC_df.pkl.gz,Pcc22.conll/pcc_eng_22-014.conllu,/share/compling/data/pile/train/22.jsonl,22,pile_tables/pile_22_Pile-CC_df.pkl.gz,pile_exclusions/pile_22_Pile-CC_excl.pkl.gz,14,2022-04-28 11:11:00,2022-04-28 12:02:00,0 days 00:50:23,014,0,0 days 00:50:23,3023,2022-04-28 00:11:00,2022-05-27 21:50:00,2022-04-28 00:12:00,2022-05-25 05:19:00,1013.06,2242.64,9.53,387.82
22-015-1763,Pcc22_015,9999,pcc_eng_22_015.0001_x0225780,pcc_eng_22_015.9999_x0241888,pile_tables/slices/Pcc22/tmp/pile_22-015_Pile-CC_df.pkl.gz,pile_tables/slices/Pcc22/pile_22-015_Pile-CC_df.pkl.gz,Pcc22.conll/pcc_eng_22-015.conllu,/share/compling/data/pile/train/22.jsonl,22,pile_tables/pile_22_Pile-CC_df.pkl.gz,pile_exclusions/pile_22_Pile-CC_excl.pkl.gz,15,2022-04-28 12:12:00,2022-04-28 13:01:00,0 days 00:48:35,015,0,0 days 00:48:35,2915,2022-04-28 00:11:00,2022-05-27 21:50:00,2022-04-28 00:12:00,2022-05-25 06:05:00,1013.06,2242.64,9.52,385.71
22-016-1772,Pcc22_016,9999,pcc_eng_22_016.0001_x0241889,pcc_eng_22_016.9999_x0258016,pile_tables/slices/Pcc22/tmp/pile_22-016_Pile-CC_df.pkl.gz,pile_tables/slices/Pcc22/pile_22-016_Pile-CC_df.pkl.gz,Pcc22.conll/pcc_eng_22-016.conllu,/share/compling/data/pile/train/22.jsonl,22,pile_tables/pile_22_Pile-CC_df.pkl.gz,pile_exclusions/pile_22_Pile-CC_excl.pkl.gz,16,2022-04-28 13:11:00,2022-04-28 14:00:00,0 days 00:48:48,016,0,0 days 00:48:48,2928,2022-04-28 00:11:00,2022-05-27 21:50:00,2022-04-28 00:12:00,2022-05-25 06:50:00,1013.06,2242.64,9.49,384.47
22-017-1778,Pcc22_017,9999,pcc_eng_22_017.0001_x0258020,pcc_eng_22_017.9999_x0274104,pile_tables/slices/Pcc22/tmp/pile_22-017_Pile-CC_df.pkl.gz,pile_tables/slices/Pcc22/pile_22-017_Pile-CC_df.pkl.gz,Pcc22.conll/pcc_eng_22-017.conllu,/share/compling/data/pile/train/22.jsonl,22,pile_tables/pile_22_Pile-CC_df.pkl.gz,pile_exclusions/pile_22_Pile-CC_excl.pkl.gz,17,2022-04-28 14:00:00,2022-04-28 14:56:00,0 days 00:56:18,017,0,0 days 00:56:18,3378,2022-04-28 00:11:00,2022-05-27 21:50:00,2022-04-28 00:12:00,2022-05-25 07:25:00,1013.06,2242.64,9.51,387.06
22-018-1785,Pcc22_018,9999,pcc_eng_22_018.0001_x0274105,pcc_eng_22_018.9999_x0290290,pile_tables/slices/Pcc22/tmp/pile_22-018_Pile-CC_df.pkl.gz,pile_tables/slices/Pcc22/pile_22-018_Pile-CC_df.pkl.gz,Pcc22.conll/pcc_eng_22-018.conllu,/share/compling/data/pile/train/22.jsonl,22,pile_tables/pile_22_Pile-CC_df.pkl.gz,pile_exclusions/pile_22_Pile-CC_excl.pkl.gz,18,2022-04-28 15:08:00,2022-04-28 16:02:00,0 days 00:53:41,018,0,0 days 00:53:41,3221,2022-04-28 00:11:00,2022-05-27 21:50:00,2022-04-28 00:12:00,2022-05-25 08:00:00,1013.06,2242.64,9.58,388.58
22-019-1790,Pcc22_019,9999,pcc_eng_22_019.0001_x0290291,pcc_eng_22_019.9999_x0306310,pile_tables/slices/Pcc22/tmp/pile_22-019_Pile-CC_df.pkl.gz,pile_tables/slices/Pcc22/pile_22-019_Pile-CC_df.pkl.gz,Pcc22.conll/pcc_eng_22-019.conllu,/share/compling/data/pile/train/22.jsonl,22,pile_tables/pile_22_Pile-CC_df.pkl.gz,pile_exclusions/pile_22_Pile-CC_excl.pkl.gz,19,2022-04-28 16:02:00,2022-04-28 16:54:00,0 days 00:51:58,019,0,0 days 00:51:58,3118,2022-04-28 00:11:00,2022-05-27 21:50:00,2022-04-28 00:12:00,2022-05-25 08:34:00,1013.06,2242.64,9.35,379.3
22-020-1795,Pcc22_020,9999,pcc_eng_22_020.0001_x0306313,pcc_eng_22_020.9999_x0322522,pile_tables/slices/Pcc22/tmp/pile_22-020_Pile-CC_df.pkl.gz,pile_tables/slices/Pcc22/pile_22-020_Pile-CC_df.pkl.gz,Pcc22.conll/pcc_eng_22-020.conllu,/share/compling/data/pile/train/22.jsonl,22,pile_tables/pile_22_Pile-CC_df.pkl.gz,pile_exclusions/pile_22_Pile-CC_excl.pkl.gz,20,2022-04-28 16:54:00,2022-04-28 17:45:00,0 days 00:51:36,020,0,0 days 00:51:36,3096,2022-04-28 00:11:00,2022-05-27 21:50:00,2022-04-28 00:12:00,2022-05-25 09:09:00,1013.06,2242.64,9.37,380.24
22-021-1802,Pcc22_021,9999,pcc_eng_22_021.0001_x0322523,pcc_eng_22_021.9999_x0338689,pile_tables/slices/Pcc22/tmp/pile_22-021_Pile-CC_df.pkl.gz,pile_tables/slices/Pcc22/pile_22-021_Pile-CC_df.pkl.gz,Pcc22.conll/pcc_eng_22-021.conllu,/share/compling/data/pile/train/22.jsonl,22,pile_tables/pile_22_Pile-CC_df.pkl.gz,pile_exclusions/pile_22_Pile-CC_excl.pkl.gz,21,2022-04-28 17:45:00,2022-04-28 18:39:00,0 days 00:53:53,021,0,0 days 00:53:53,3233,2022-04-28 00:11:00,2022-05-27 21:50:00,2022-04-28 00:12:00,2022-05-25 09:44:00,1013.06,2242.64,9.51,386.35
22-022-1808,Pcc22_022,9999,pcc_eng_22_022.0001_x0338690,pcc_eng_22_022.9999_x0354747,pile_tables/slices/Pcc22/tmp/pile_22-022_Pile-CC_df.pkl.gz,pile_tables/slices/Pcc22/pile_22-022_Pile-CC_df.pkl.gz,Pcc22.conll/pcc_eng_22-022.conllu,/share/compling/data/pile/train/22.jsonl,22,pile_tables/pile_22_Pile-CC_df.pkl.gz,pile_exclusions/pile_22_Pile-CC_excl.pkl.gz,22,2022-04-28 18:39:00,2022-04-28 19:32:00,0 days 00:53:06,022,0,0 days 00:53:06,3186,2022-04-28 00:11:00,2022-05-27 21:50:00,2022-04-28 00:12:00,2022-05-25 10:18:00,1013.06,2242.64,9.46,384.75
22-023-1813,Pcc22_023,9999,pcc_eng_22_023.0001_x0354749,pcc_eng_22_023.9999_x0370822,pile_tables/slices/Pcc22/tmp/pile_22-023_Pile-CC_df.pkl.gz,pile_tables/slices/Pcc22/pile_22-023_Pile-CC_df.pkl.gz,Pcc22.conll/pcc_eng_22-023.conllu,/share/compling/data/pile/train/22.jsonl,22,pile_tables/pile_22_Pile-CC_df.pkl.gz,pile_exclusions/pile_22_Pile-CC_excl.pkl.gz,23,2022-04-28 19:32:00,2022-04-28 20:25:00,0 days 00:52:52,023,0,0 days 00:52:52,3172,2022-04-28 00:11:00,2022-05-27 21:50:00,2022-04-28 00:12:00,2022-05-25 10:53:00,1013.06,2242.64,9.39,381.01
22-024-1818,Pcc22_024,9999,pcc_eng_22_024.0001_x0370823,pcc_eng_22_024.9999_x0387053,pile_tables/slices/Pcc22/tmp/pile_22-024_Pile-CC_df.pkl.gz,pile_tables/slices/Pcc22/pile_22-024_Pile-CC_df.pkl.gz,Pcc22.conll/pcc_eng_22-024.conllu,/share/compling/data/pile/train/22.jsonl,22,pile_tables/pile_22_Pile-CC_df.pkl.gz,pile_exclusions/pile_22_Pile-CC_excl.pkl.gz,24,2022-04-28 20:25:00,2022-04-28 21:17:00,0 days 00:52:13,024,0,0 days 00:52:13,3133,2022-04-28 00:11:00,2022-05-27 21:50:00,2022-04-28 00:12:00,2022-05-25 11:27:00,1013.06,2242.64,9.36,379.84
22-025-1824,Pcc22_025,9999,pcc_eng_22_025.0001_x0387055,pcc_eng_22_025.9999_x0403134,pile_tables/slices/Pcc22/tmp/pile_22-025_Pile-CC_df.pkl.gz,pile_tables/slices/Pcc22/pile_22-025_Pile-CC_df.pkl.gz,Pcc22.conll/pcc_eng_22-025.conllu,/share/compling/data/pile/train/22.jsonl,22,pile_tables/pile_22_Pile-CC_df.pkl.gz,pile_exclusions/pile_22_Pile-CC_excl.pkl.gz,25,2022-04-28 21:17:00,2022-04-28 22:09:00,0 days 00:51:34,025,0,0 days 00:51:34,3094,2022-04-28 00:11:00,2022-05-27 21:50:00,2022-04-28 00:12:00,2022-05-25 12:01:00,1013.06,2242.64,9.36,379.59
22-026-1828,Pcc22_026,9999,pcc_eng_22_026.0001_x0403135,pcc_eng_22_026.9999_x0419360,pile_tables/slices/Pcc22/tmp/pile_22-026_Pile-CC_df.pkl.gz,pile_tables/slices/Pcc22/pile_22-026_Pile-CC_df.pkl.gz,Pcc22.conll/pcc_eng_22-026.conllu,/share/compling/data/pile/train/22.jsonl,22,pile_tables/pile_22_Pile-CC_df.pkl.gz,pile_exclusions/pile_22_Pile-CC_excl.pkl.gz,26,2022-04-28 22:09:00,2022-04-28 22:58:00,0 days 00:49:03,026,0,0 days 00:49:03,2943,2022-04-28 00:11:00,2022-05-27 21:50:00,2022-04-28 00:13:00,2022-05-25 12:35:00,1013.06,2242.64,9.16,370.21
22-027-1832,Pcc22_027,9999,pcc_eng_22_027.0001_x0419363,pcc_eng_22_027.9999_x0435592,pile_tables/slices/Pcc22/tmp/pile_22-027_Pile-CC_df.pkl.gz,pile_tables/slices/Pcc22/pile_22-027_Pile-CC_df.pkl.gz,Pcc22.conll/pcc_eng_22-027.conllu,/share/compling/data/pile/train/22.jsonl,22,pile_tables/pile_22_Pile-CC_df.pkl.gz,pile_exclusions/pile_22_Pile-CC_excl.pkl.gz,27,2022-04-28 22:58:00,2022-04-28 23:47:00,0 days 00:49:29,027,0,0 days 00:49:29,2969,2022-04-28 00:11:00,2022-05-27 21:50:00,2022-04-28 00:13:00,2022-05-25 13:10:00,1013.06,2242.64,9.49,386.6
22-028-1925,Pcc22_028,9999,pcc_eng_22_028.0001_x0435594,pcc_eng_22_028.9999_x0451884,pile_tables/slices/Pcc22/tmp/pile_22-028_Pile-CC_df.pkl.gz,pile_tables/slices/Pcc22/pile_22-028_Pile-CC_df.pkl.gz,Pcc22.conll/pcc_eng_22-028.conllu,/share/compling/data/pile/train/22.jsonl,22,pile_tables/pile_22_Pile-CC_df.pkl.gz,pile_exclusions/pile_22_Pile-CC_excl.pkl.gz,28,2022-05-02 17:24:00,2022-05-02 17:28:00,0 days 00:04:12,028,0,0 days 00:04:12,252,2022-04-28 00:11:00,2022-05-27 21:50:00,2022-04-28 00:13:00,2022-05-25 20:40:00,1013.06,2242.64,9.49,384.82
22-029-1926,Pcc22_029,9999,pcc_eng_22_029.0001_x0451885,pcc_eng_22_029.9999_x0468092,pile_tables/slices/Pcc22/tmp/pile_22-029_Pile-CC_df.pkl.gz,pile_tables/slices/Pcc22/pile_22-029_Pile-CC_df.pkl.gz,Pcc22.conll/pcc_eng_22-029.conllu,/share/compling/data/pile/train/22.jsonl,22,pile_tables/pile_22_Pile-CC_df.pkl.gz,pile_exclusions/pile_22_Pile-CC_excl.pkl.gz,29,2022-05-02 17:35:00,2022-05-02 17:37:00,0 days 00:02:05,029,0,0 days 00:02:05,125,2022-04-28 00:11:00,2022-05-27 21:50:00,2022-04-28 00:13:00,2022-05-25 21:29:00,1013.06,2242.64,9.27,375.25
22-030-1927,Pcc22_030,9999,pcc_eng_22_030.0001_x0468093,pcc_eng_22_030.9999_x0484357,pile_tables/slices/Pcc22/tmp/pile_22-030_Pile-CC_df.pkl.gz,pile_tables/slices/Pcc22/pile_22-030_Pile-CC_df.pkl.gz,Pcc22.conll/pcc_eng_22-030.conllu,/share/compling/data/pile/train/22.jsonl,22,pile_tables/pile_22_Pile-CC_df.pkl.gz,pile_exclusions/pile_22_Pile-CC_excl.pkl.gz,30,2022-05-02 17:44:00,2022-05-02 17:46:00,0 days 00:02:05,030,0,0 days 00:02:05,125,2022-04-28 00:11:00,2022-05-27 21:50:00,2022-04-28 00:13:00,2022-05-25 22:19:00,1013.06,2242.64,9.31,378.07
22-031-1931,Pcc22_031,9999,pcc_eng_22_031.0001_x0484358,pcc_eng_22_031.9999_x0500494,pile_tables/slices/Pcc22/tmp/pile_22-031_Pile-CC_df.pkl.gz,pile_tables/slices/Pcc22/pile_22-031_Pile-CC_df.pkl.gz,Pcc22.conll/pcc_eng_22-031.conllu,/share/compling/data/pile/train/22.jsonl,22,pile_tables/pile_22_Pile-CC_df.pkl.gz,pile_exclusions/pile_22_Pile-CC_excl.pkl.gz,31,2022-05-02 17:52:00,2022-05-02 17:54:00,0 days 00:02:05,031,0,0 days 00:02:05,125,2022-04-28 00:11:00,2022-05-27 21:50:00,2022-04-28 00:13:00,2022-05-25 22:58:00,1013.06,2242.64,9.31,376.89
22-032-1932,Pcc22_032,9999,pcc_eng_22_032.0001_x0500495,pcc_eng_22_032.9999_x0516852,pile_tables/slices/Pcc22/tmp/pile_22-032_Pile-CC_df.pkl.gz,pile_tables/slices/Pcc22/pile_22-032_Pile-CC_df.pkl.gz,Pcc22.conll/pcc_eng_22-032.conllu,/share/compling/data/pile/train/22.jsonl,22,pile_tables/pile_22_Pile-CC_df.pkl.gz,pile_exclusions/pile_22_Pile-CC_excl.pkl.gz,32,2022-05-02 18:01:00,2022-05-02 18:03:00,0 days 00:02:02,032,0,0 days 00:02:02,122,2022-04-28 00:11:00,2022-05-27 21:50:00,2022-04-28 00:13:00,2022-05-25 23:33:00,1013.06,2242.64,9.28,377.1
22-033-1933,Pcc22_033,9999,pcc_eng_22_033.0001_x0516855,pcc_eng_22_033.9999_x0532970,pile_tables/slices/Pcc22/tmp/pile_22-033_Pile-CC_df.pkl.gz,pile_tables/slices/Pcc22/pile_22-033_Pile-CC_df.pkl.gz,Pcc22.conll/pcc_eng_22-033.conllu,/share/compling/data/pile/train/22.jsonl,22,pile_tables/pile_22_Pile-CC_df.pkl.gz,pile_exclusions/pile_22_Pile-CC_excl.pkl.gz,33,2022-05-02 18:09:00,2022-05-02 18:11:00,0 days 00:02:03,033,0,0 days 00:02:03,123,2022-04-28 00:11:00,2022-05-27 21:50:00,2022-04-28 00:13:00,2022-05-26 00:10:00,1013.06,2242.64,9.37,380.69
22-034-1935,Pcc22_034,9999,pcc_eng_22_034.0001_x0532971,pcc_eng_22_034.9999_x0549064,pile_tables/slices/Pcc22/tmp/pile_22-034_Pile-CC_df.pkl.gz,pile_tables/slices/Pcc22/pile_22-034_Pile-CC_df.pkl.gz,Pcc22.conll/pcc_eng_22-034.conllu,/share/compling/data/pile/train/22.jsonl,22,pile_tables/pile_22_Pile-CC_df.pkl.gz,pile_exclusions/pile_22_Pile-CC_excl.pkl.gz,34,2022-05-02 18:18:00,2022-05-02 18:20:00,0 days 00:02:04,034,0,0 days 00:02:04,124,2022-04-28 00:11:00,2022-05-27 21:50:00,2022-04-28 00:13:00,2022-05-26 00:49:00,1013.06,2242.64,9.45,385.01
22-035-1936,Pcc22_035,9999,pcc_eng_22_035.0001_x0549065,pcc_eng_22_035.9999_x0565304,pile_tables/slices/Pcc22/tmp/pile_22-035_Pile-CC_df.pkl.gz,pile_tables/slices/Pcc22/pile_22-035_Pile-CC_df.pkl.gz,Pcc22.conll/pcc_eng_22-035.conllu,/share/compling/data/pile/train/22.jsonl,22,pile_tables/pile_22_Pile-CC_df.pkl.gz,pile_exclusions/pile_22_Pile-CC_excl.pkl.gz,35,2022-05-02 18:27:00,2022-05-02 18:29:00,0 days 00:02:03,035,0,0 days 00:02:03,123,2022-04-28 00:11:00,2022-05-27 21:50:00,2022-04-28 00:13:00,2022-05-26 01:29:00,1013.06,2242.64,9.43,383.42
22-036-1939,Pcc22_036,9999,pcc_eng_22_036.0001_x0565306,pcc_eng_22_036.9999_x0581510,pile_tables/slices/Pcc22/tmp/pile_22-036_Pile-CC_df.pkl.gz,pile_tables/slices/Pcc22/pile_22-036_Pile-CC_df.pkl.gz,Pcc22.conll/pcc_eng_22-036.conllu,/share/compling/data/pile/train/22.jsonl,22,pile_tables/pile_22_Pile-CC_df.pkl.gz,pile_exclusions/pile_22_Pile-CC_excl.pkl.gz,36,2022-05-02 18:35:00,2022-05-02 18:37:00,0 days 00:02:02,036,0,0 days 00:02:02,122,2022-04-28 00:11:00,2022-05-27 21:50:00,2022-04-28 00:13:00,2022-05-26 02:09:00,1013.06,2242.64,9.34,376.38
22-037-1941,Pcc22_037,9999,pcc_eng_22_037.0001_x0581512,pcc_eng_22_037.9999_x0597726,pile_tables/slices/Pcc22/tmp/pile_22-037_Pile-CC_df.pkl.gz,pile_tables/slices/Pcc22/pile_22-037_Pile-CC_df.pkl.gz,Pcc22.conll/pcc_eng_22-037.conllu,/share/compling/data/pile/train/22.jsonl,22,pile_tables/pile_22_Pile-CC_df.pkl.gz,pile_exclusions/pile_22_Pile-CC_excl.pkl.gz,37,2022-05-02 18:44:00,2022-05-02 18:46:00,0 days 00:02:02,037,0,0 days 00:02:02,122,2022-04-28 00:11:00,2022-05-27 21:50:00,2022-04-28 00:13:00,2022-05-26 02:48:00,1013.06,2242.64,9.38,379.0
22-038-1942,Pcc22_038,9999,pcc_eng_22_038.0001_x0597728,pcc_eng_22_038.9999_x0613998,pile_tables/slices/Pcc22/tmp/pile_22-038_Pile-CC_df.pkl.gz,pile_tables/slices/Pcc22/pile_22-038_Pile-CC_df.pkl.gz,Pcc22.conll/pcc_eng_22-038.conllu,/share/compling/data/pile/train/22.jsonl,22,pile_tables/pile_22_Pile-CC_df.pkl.gz,pile_exclusions/pile_22_Pile-CC_excl.pkl.gz,38,2022-05-02 18:53:00,2022-05-02 18:55:00,0 days 00:02:06,038,0,0 days 00:02:06,126,2022-04-28 00:11:00,2022-05-27 21:50:00,2022-04-28 00:13:00,2022-05-26 03:30:00,1013.06,2242.64,9.6,390.39
22-039-1944,Pcc22_039,9999,pcc_eng_22_039.0001_x0614003,pcc_eng_22_039.9999_x0630293,pile_tables/slices/Pcc22/tmp/pile_22-039_Pile-CC_df.pkl.gz,pile_tables/slices/Pcc22/pile_22-039_Pile-CC_df.pkl.gz,Pcc22.conll/pcc_eng_22-039.conllu,/share/compling/data/pile/train/22.jsonl,22,pile_tables/pile_22_Pile-CC_df.pkl.gz,pile_exclusions/pile_22_Pile-CC_excl.pkl.gz,39,2022-05-02 19:01:00,2022-05-02 19:03:00,0 days 00:02:06,039,0,0 days 00:02:06,126,2022-04-28 00:11:00,2022-05-27 21:50:00,2022-04-28 00:13:00,2022-05-26 04:12:00,1013.06,2242.64,9.66,394.24
22-040-1945,Pcc22_040,9999,pcc_eng_22_040.0001_x0630294,pcc_eng_22_040.9999_x0646332,pile_tables/slices/Pcc22/tmp/pile_22-040_Pile-CC_df.pkl.gz,pile_tables/slices/Pcc22/pile_22-040_Pile-CC_df.pkl.gz,Pcc22.conll/pcc_eng_22-040.conllu,/share/compling/data/pile/train/22.jsonl,22,pile_tables/pile_22_Pile-CC_df.pkl.gz,pile_exclusions/pile_22_Pile-CC_excl.pkl.gz,40,2022-05-02 19:10:00,2022-05-02 19:12:00,0 days 00:02:05,040,0,0 days 00:02:05,125,2022-04-28 00:11:00,2022-05-27 21:50:00,2022-04-28 00:13:00,2022-05-26 04:54:00,1013.06,2242.64,9.61,391.77
22-041-1948,Pcc22_041,9999,pcc_eng_22_041.0001_x0646333,pcc_eng_22_041.9999_x0662483,pile_tables/slices/Pcc22/tmp/pile_22-041_Pile-CC_df.pkl.gz,pile_tables/slices/Pcc22/pile_22-041_Pile-CC_df.pkl.gz,Pcc22.conll/pcc_eng_22-041.conllu,/share/compling/data/pile/train/22.jsonl,22,pile_tables/pile_22_Pile-CC_df.pkl.gz,pile_exclusions/pile_22_Pile-CC_excl.pkl.gz,41,2022-05-02 19:19:00,2022-05-02 19:21:00,0 days 00:02:05,041,0,0 days 00:02:05,125,2022-04-28 00:11:00,2022-05-27 21:50:00,2022-04-28 00:13:00,2022-05-26 05:36:00,1013.06,2242.64,9.6,390.76
22-042-1950,Pcc22_042,9999,pcc_eng_22_042.0001_x0662487,pcc_eng_22_042.9999_x0678625,pile_tables/slices/Pcc22/tmp/pile_22-042_Pile-CC_df.pkl.gz,pile_tables/slices/Pcc22/pile_22-042_Pile-CC_df.pkl.gz,Pcc22.conll/pcc_eng_22-042.conllu,/share/compling/data/pile/train/22.jsonl,22,pile_tables/pile_22_Pile-CC_df.pkl.gz,pile_exclusions/pile_22_Pile-CC_excl.pkl.gz,42,2022-05-02 19:28:00,2022-05-02 19:30:00,0 days 00:02:05,042,0,0 days 00:02:05,125,2022-04-28 00:11:00,2022-05-27 21:50:00,2022-04-28 00:13:00,2022-05-26 06:29:00,1013.06,2242.64,9.47,385.84
22-043-1952,Pcc22_043,9999,pcc_eng_22_043.0001_x0678626,pcc_eng_22_043.9999_x0694871,pile_tables/slices/Pcc22/tmp/pile_22-043_Pile-CC_df.pkl.gz,pile_tables/slices/Pcc22/pile_22-043_Pile-CC_df.pkl.gz,Pcc22.conll/pcc_eng_22-043.conllu,/share/compling/data/pile/train/22.jsonl,22,pile_tables/pile_22_Pile-CC_df.pkl.gz,pile_exclusions/pile_22_Pile-CC_excl.pkl.gz,43,2022-05-02 19:37:00,2022-05-02 19:39:00,0 days 00:02:04,043,0,0 days 00:02:04,124,2022-04-28 00:11:00,2022-05-27 21:50:00,2022-04-28 00:13:00,2022-05-26 07:09:00,1013.06,2242.64,9.46,384.48
22-044-1953,Pcc22_044,9999,pcc_eng_22_044.0001_x0694872,pcc_eng_22_044.9999_x0711188,pile_tables/slices/Pcc22/tmp/pile_22-044_Pile-CC_df.pkl.gz,pile_tables/slices/Pcc22/pile_22-044_Pile-CC_df.pkl.gz,Pcc22.conll/pcc_eng_22-044.conllu,/share/compling/data/pile/train/22.jsonl,22,pile_tables/pile_22_Pile-CC_df.pkl.gz,pile_exclusions/pile_22_Pile-CC_excl.pkl.gz,44,2022-05-02 19:46:00,2022-05-02 19:48:00,0 days 00:02:04,044,0,0 days 00:02:04,124,2022-04-28 00:11:00,2022-05-27 21:50:00,2022-04-28 00:13:00,2022-05-26 07:45:00,1013.06,2242.64,9.46,383.92
22-045-1954,Pcc22_045,9999,pcc_eng_22_045.0001_x0711189,pcc_eng_22_045.9999_x0727269,pile_tables/slices/Pcc22/tmp/pile_22-045_Pile-CC_df.pkl.gz,pile_tables/slices/Pcc22/pile_22-045_Pile-CC_df.pkl.gz,Pcc22.conll/pcc_eng_22-045.conllu,/share/compling/data/pile/train/22.jsonl,22,pile_tables/pile_22_Pile-CC_df.pkl.gz,pile_exclusions/pile_22_Pile-CC_excl.pkl.gz,45,2022-05-02 19:55:00,2022-05-02 19:57:00,0 days 00:02:03,045,0,0 days 00:02:03,123,2022-04-28 00:11:00,2022-05-27 21:50:00,2022-04-28 00:13:00,2022-05-26 08:20:00,1013.06,2242.64,9.33,378.6
22-046-1957,Pcc22_046,9999,pcc_eng_22_046.0001_x0727270,pcc_eng_22_046.9999_x0743385,pile_tables/slices/Pcc22/tmp/pile_22-046_Pile-CC_df.pkl.gz,pile_tables/slices/Pcc22/pile_22-046_Pile-CC_df.pkl.gz,Pcc22.conll/pcc_eng_22-046.conllu,/share/compling/data/pile/train/22.jsonl,22,pile_tables/pile_22_Pile-CC_df.pkl.gz,pile_exclusions/pile_22_Pile-CC_excl.pkl.gz,46,2022-05-02 20:04:00,2022-05-02 20:06:00,0 days 00:02:13,046,0,0 days 00:02:13,133,2022-04-28 00:11:00,2022-05-27 21:50:00,2022-04-28 00:13:00,2022-05-26 08:55:00,1013.06,2242.64,9.4,381.99
22-047-1958,Pcc22_047,9999,pcc_eng_22_047.0001_x0743387,pcc_eng_22_047.9999_x0759544,pile_tables/slices/Pcc22/tmp/pile_22-047_Pile-CC_df.pkl.gz,pile_tables/slices/Pcc22/pile_22-047_Pile-CC_df.pkl.gz,Pcc22.conll/pcc_eng_22-047.conllu,/share/compling/data/pile/train/22.jsonl,22,pile_tables/pile_22_Pile-CC_df.pkl.gz,pile_exclusions/pile_22_Pile-CC_excl.pkl.gz,47,2022-05-02 20:13:00,2022-05-02 20:16:00,0 days 00:02:10,047,0,0 days 00:02:10,130,2022-04-28 00:11:00,2022-05-27 21:50:00,2022-04-28 00:14:00,2022-05-26 09:41:00,1013.06,2242.64,9.35,378.06
22-048-1960,Pcc22_048,9999,pcc_eng_22_048.0001_x0759545,pcc_eng_22_048.9999_x0775719,pile_tables/slices/Pcc22/tmp/pile_22-048_Pile-CC_df.pkl.gz,pile_tables/slices/Pcc22/pile_22-048_Pile-CC_df.pkl.gz,Pcc22.conll/pcc_eng_22-048.conllu,/share/compling/data/pile/train/22.jsonl,22,pile_tables/pile_22_Pile-CC_df.pkl.gz,pile_exclusions/pile_22_Pile-CC_excl.pkl.gz,48,2022-05-02 20:23:00,2022-05-02 20:25:00,0 days 00:02:18,048,0,0 days 00:02:18,138,2022-04-28 00:11:00,2022-05-27 21:50:00,2022-04-28 00:14:00,2022-05-26 10:16:00,1013.06,2242.64,9.58,390.06
22-049-1962,Pcc22_049,9999,pcc_eng_22_049.0001_x0775721,pcc_eng_22_049.9999_x0791880,pile_tables/slices/Pcc22/tmp/pile_22-049_Pile-CC_df.pkl.gz,pile_tables/slices/Pcc22/pile_22-049_Pile-CC_df.pkl.gz,Pcc22.conll/pcc_eng_22-049.conllu,/share/compling/data/pile/train/22.jsonl,22,pile_tables/pile_22_Pile-CC_df.pkl.gz,pile_exclusions/pile_22_Pile-CC_excl.pkl.gz,49,2022-05-02 20:32:00,2022-05-02 20:35:00,0 days 00:02:12,049,0,0 days 00:02:12,132,2022-04-28 00:11:00,2022-05-27 21:50:00,2022-04-28 00:14:00,2022-05-26 10:51:00,1013.06,2242.64,9.37,379.07
22-050-1965,Pcc22_050,9999,pcc_eng_22_050.0001_x0791882,pcc_eng_22_050.9999_x0807782,pile_tables/slices/Pcc22/tmp/pile_22-050_Pile-CC_df.pkl.gz,pile_tables/slices/Pcc22/pile_22-050_Pile-CC_df.pkl.gz,Pcc22.conll/pcc_eng_22-050.conllu,/share/compling/data/pile/train/22.jsonl,22,pile_tables/pile_22_Pile-CC_df.pkl.gz,pile_exclusions/pile_22_Pile-CC_excl.pkl.gz,50,2022-05-02 20:42:00,2022-05-02 20:44:00,0 days 00:02:07,050,0,0 days 00:02:07,127,2022-04-28 00:11:00,2022-05-27 21:50:00,2022-04-28 00:14:00,2022-05-26 11:26:00,1013.06,2242.64,9.45,382.18
22-051-1967,Pcc22_051,9999,pcc_eng_22_051.0001_x0807783,pcc_eng_22_051.9999_x0823952,pile_tables/slices/Pcc22/tmp/pile_22-051_Pile-CC_df.pkl.gz,pile_tables/slices/Pcc22/pile_22-051_Pile-CC_df.pkl.gz,Pcc22.conll/pcc_eng_22-051.conllu,/share/compling/data/pile/train/22.jsonl,22,pile_tables/pile_22_Pile-CC_df.pkl.gz,pile_exclusions/pile_22_Pile-CC_excl.pkl.gz,51,2022-05-02 20:52:00,2022-05-02 20:54:00,0 days 00:02:26,051,0,0 days 00:02:26,146,2022-04-28 00:11:00,2022-05-27 21:50:00,2022-04-28 00:14:00,2022-05-26 12:01:00,1013.06,2242.64,9.54,387.12
22-052-1971,Pcc22_052,9999,pcc_eng_22_052.0001_x0823955,pcc_eng_22_052.9999_x0840075,pile_tables/slices/Pcc22/tmp/pile_22-052_Pile-CC_df.pkl.gz,pile_tables/slices/Pcc22/pile_22-052_Pile-CC_df.pkl.gz,Pcc22.conll/pcc_eng_22-052.conllu,/share/compling/data/pile/train/22.jsonl,22,pile_tables/pile_22_Pile-CC_df.pkl.gz,pile_exclusions/pile_22_Pile-CC_excl.pkl.gz,52,2022-05-02 21:02:00,2022-05-02 21:04:00,0 days 00:02:25,052,0,0 days 00:02:25,145,2022-04-28 00:11:00,2022-05-27 21:50:00,2022-04-28 00:14:00,2022-05-26 12:38:00,1013.06,2242.64,9.4,381.01
22-053-1973,Pcc22_053,9999,pcc_eng_22_053.0001_x0840076,pcc_eng_22_053.9999_x0856229,pile_tables/slices/Pcc22/tmp/pile_22-053_Pile-CC_df.pkl.gz,pile_tables/slices/Pcc22/pile_22-053_Pile-CC_df.pkl.gz,Pcc22.conll/pcc_eng_22-053.conllu,/share/compling/data/pile/train/22.jsonl,22,pile_tables/pile_22_Pile-CC_df.pkl.gz,pile_exclusions/pile_22_Pile-CC_excl.pkl.gz,53,2022-05-02 21:12:00,2022-05-02 21:14:00,0 days 00:02:12,053,0,0 days 00:02:12,132,2022-04-28 00:11:00,2022-05-27 21:50:00,2022-04-28 00:14:00,2022-05-26 13:19:00,1013.06,2242.64,9.58,390.74
22-054-1977,Pcc22_054,9999,pcc_eng_22_054.0001_x0856230,pcc_eng_22_054.9999_x0872569,pile_tables/slices/Pcc22/tmp/pile_22-054_Pile-CC_df.pkl.gz,pile_tables/slices/Pcc22/pile_22-054_Pile-CC_df.pkl.gz,Pcc22.conll/pcc_eng_22-054.conllu,/share/compling/data/pile/train/22.jsonl,22,pile_tables/pile_22_Pile-CC_df.pkl.gz,pile_exclusions/pile_22_Pile-CC_excl.pkl.gz,54,2022-05-02 21:22:00,2022-05-02 21:24:00,0 days 00:02:16,054,0,0 days 00:02:16,136,2022-04-28 00:11:00,2022-05-27 21:50:00,2022-04-28 00:14:00,2022-05-26 13:54:00,1013.06,2242.64,9.62,390.77
22-055-1980,Pcc22_055,9999,pcc_eng_22_055.0001_x0872570,pcc_eng_22_055.9999_x0888858,pile_tables/slices/Pcc22/tmp/pile_22-055_Pile-CC_df.pkl.gz,pile_tables/slices/Pcc22/pile_22-055_Pile-CC_df.pkl.gz,Pcc22.conll/pcc_eng_22-055.conllu,/share/compling/data/pile/train/22.jsonl,22,pile_tables/pile_22_Pile-CC_df.pkl.gz,pile_exclusions/pile_22_Pile-CC_excl.pkl.gz,55,2022-05-02 21:32:00,2022-05-02 21:34:00,0 days 00:02:15,055,0,0 days 00:02:15,135,2022-04-28 00:11:00,2022-05-27 21:50:00,2022-04-28 00:14:00,2022-05-26 14:40:00,1013.06,2242.64,9.49,385.68
22-056-1981,Pcc22_056,9999,pcc_eng_22_056.0001_x0888859,pcc_eng_22_056.9999_x0904987,pile_tables/slices/Pcc22/tmp/pile_22-056_Pile-CC_df.pkl.gz,pile_tables/slices/Pcc22/pile_22-056_Pile-CC_df.pkl.gz,Pcc22.conll/pcc_eng_22-056.conllu,/share/compling/data/pile/train/22.jsonl,22,pile_tables/pile_22_Pile-CC_df.pkl.gz,pile_exclusions/pile_22_Pile-CC_excl.pkl.gz,56,2022-05-02 21:42:00,2022-05-02 21:44:00,0 days 00:02:26,056,0,0 days 00:02:26,146,2022-04-28 00:11:00,2022-05-27 21:50:00,2022-04-28 00:14:00,2022-05-26 15:15:00,1013.06,2242.64,9.4,382.2
22-057-1985,Pcc22_057,9999,pcc_eng_22_057.0001_x0904988,pcc_eng_22_057.9999_x0921422,pile_tables/slices/Pcc22/tmp/pile_22-057_Pile-CC_df.pkl.gz,pile_tables/slices/Pcc22/pile_22-057_Pile-CC_df.pkl.gz,Pcc22.conll/pcc_eng_22-057.conllu,/share/compling/data/pile/train/22.jsonl,22,pile_tables/pile_22_Pile-CC_df.pkl.gz,pile_exclusions/pile_22_Pile-CC_excl.pkl.gz,57,2022-05-02 21:52:00,2022-05-02 21:55:00,0 days 00:02:26,057,0,0 days 00:02:26,146,2022-04-28 00:11:00,2022-05-27 21:50:00,2022-04-28 00:14:00,2022-05-26 15:50:00,1013.06,2242.64,9.44,385.08
22-058-1986,Pcc22_058,9999,pcc_eng_22_058.0001_x0921423,pcc_eng_22_058.9999_x0937699,pile_tables/slices/Pcc22/tmp/pile_22-058_Pile-CC_df.pkl.gz,pile_tables/slices/Pcc22/pile_22-058_Pile-CC_df.pkl.gz,Pcc22.conll/pcc_eng_22-058.conllu,/share/compling/data/pile/train/22.jsonl,22,pile_tables/pile_22_Pile-CC_df.pkl.gz,pile_exclusions/pile_22_Pile-CC_excl.pkl.gz,58,2022-05-02 22:03:00,2022-05-02 22:05:00,0 days 00:02:07,058,0,0 days 00:02:07,127,2022-04-28 00:11:00,2022-05-27 21:50:00,2022-04-28 00:14:00,2022-05-26 16:40:00,1013.06,2242.64,9.55,388.61
22-059-1992,Pcc22_059,9999,pcc_eng_22_059.0001_x0937702,pcc_eng_22_059.9999_x0953750,pile_tables/slices/Pcc22/tmp/pile_22-059_Pile-CC_df.pkl.gz,pile_tables/slices/Pcc22/pile_22-059_Pile-CC_df.pkl.gz,Pcc22.conll/pcc_eng_22-059.conllu,/share/compling/data/pile/train/22.jsonl,22,pile_tables/pile_22_Pile-CC_df.pkl.gz,pile_exclusions/pile_22_Pile-CC_excl.pkl.gz,59,2022-05-02 22:12:00,2022-05-02 22:15:00,0 days 00:02:11,059,0,0 days 00:02:11,131,2022-04-28 00:11:00,2022-05-27 21:50:00,2022-04-28 00:14:00,2022-05-26 17:15:00,1013.06,2242.64,9.36,379.33
22-060-1994,Pcc22_060,9999,pcc_eng_22_060.0001_x0953751,pcc_eng_22_060.9999_x0970083,pile_tables/slices/Pcc22/tmp/pile_22-060_Pile-CC_df.pkl.gz,pile_tables/slices/Pcc22/pile_22-060_Pile-CC_df.pkl.gz,Pcc22.conll/pcc_eng_22-060.conllu,/share/compling/data/pile/train/22.jsonl,22,pile_tables/pile_22_Pile-CC_df.pkl.gz,pile_exclusions/pile_22_Pile-CC_excl.pkl.gz,60,2022-05-02 22:22:00,2022-05-02 22:24:00,0 days 00:02:02,060,0,0 days 00:02:02,122,2022-04-28 00:11:00,2022-05-27 21:50:00,2022-04-28 00:14:00,2022-05-26 17:49:00,1013.06,2242.64,9.32,378.11
22-061-1995,Pcc22_061,9999,pcc_eng_22_061.0001_x0970086,pcc_eng_22_061.9999_x0986290,pile_tables/slices/Pcc22/tmp/pile_22-061_Pile-CC_df.pkl.gz,pile_tables/slices/Pcc22/pile_22-061_Pile-CC_df.pkl.gz,Pcc22.conll/pcc_eng_22-061.conllu,/share/compling/data/pile/train/22.jsonl,22,pile_tables/pile_22_Pile-CC_df.pkl.gz,pile_exclusions/pile_22_Pile-CC_excl.pkl.gz,61,2022-05-02 22:32:00,2022-05-02 22:35:00,0 days 00:02:25,061,0,0 days 00:02:25,145,2022-04-28 00:11:00,2022-05-27 21:50:00,2022-04-28 00:14:00,2022-05-26 18:24:00,1013.06,2242.64,9.47,384.56
22-062-1998,Pcc22_062,9999,pcc_eng_22_062.0001_x0986293,pcc_eng_22_062.9999_x1002314,pile_tables/slices/Pcc22/tmp/pile_22-062_Pile-CC_df.pkl.gz,pile_tables/slices/Pcc22/pile_22-062_Pile-CC_df.pkl.gz,Pcc22.conll/pcc_eng_22-062.conllu,/share/compling/data/pile/train/22.jsonl,22,pile_tables/pile_22_Pile-CC_df.pkl.gz,pile_exclusions/pile_22_Pile-CC_excl.pkl.gz,62,2022-05-02 22:43:00,2022-05-02 22:45:00,0 days 00:02:27,062,0,0 days 00:02:27,147,2022-04-28 00:11:00,2022-05-27 21:50:00,2022-04-28 00:14:00,2022-05-26 19:00:00,1013.06,2242.64,9.73,398.61
22-063-2007,Pcc22_063,9999,pcc_eng_22_063.0001_x1002315,pcc_eng_22_063.9999_x1018495,pile_tables/slices/Pcc22/tmp/pile_22-063_Pile-CC_df.pkl.gz,pile_tables/slices/Pcc22/pile_22-063_Pile-CC_df.pkl.gz,Pcc22.conll/pcc_eng_22-063.conllu,/share/compling/data/pile/train/22.jsonl,22,pile_tables/pile_22_Pile-CC_df.pkl.gz,pile_exclusions/pile_22_Pile-CC_excl.pkl.gz,63,2022-05-02 22:53:00,2022-05-02 22:55:00,0 days 00:02:07,063,0,0 days 00:02:07,127,2022-04-28 00:11:00,2022-05-27 21:50:00,2022-04-28 00:14:00,2022-05-26 19:36:00,1013.06,2242.64,9.36,380.66
22-064-2008,Pcc22_064,9999,pcc_eng_22_064.0001_x1018496,pcc_eng_22_064.9999_x1034600,pile_tables/slices/Pcc22/tmp/pile_22-064_Pile-CC_df.pkl.gz,pile_tables/slices/Pcc22/pile_22-064_Pile-CC_df.pkl.gz,Pcc22.conll/pcc_eng_22-064.conllu,/share/compling/data/pile/train/22.jsonl,22,pile_tables/pile_22_Pile-CC_df.pkl.gz,pile_exclusions/pile_22_Pile-CC_excl.pkl.gz,64,2022-05-02 23:03:00,2022-05-02 23:05:00,0 days 00:02:12,064,0,0 days 00:02:12,132,2022-04-28 00:11:00,2022-05-27 21:50:00,2022-04-28 00:14:00,2022-05-26 20:21:00,1013.06,2242.64,9.46,382.34
22-065-2010,Pcc22_065,9999,pcc_eng_22_065.0001_x1034604,pcc_eng_22_065.9999_x1050608,pile_tables/slices/Pcc22/tmp/pile_22-065_Pile-CC_df.pkl.gz,pile_tables/slices/Pcc22/pile_22-065_Pile-CC_df.pkl.gz,Pcc22.conll/pcc_eng_22-065.conllu,/share/compling/data/pile/train/22.jsonl,22,pile_tables/pile_22_Pile-CC_df.pkl.gz,pile_exclusions/pile_22_Pile-CC_excl.pkl.gz,65,2022-05-02 23:13:00,2022-05-02 23:15:00,0 days 00:02:04,065,0,0 days 00:02:04,124,2022-04-28 00:11:00,2022-05-27 21:50:00,2022-04-28 00:14:00,2022-05-26 20:56:00,1013.06,2242.64,9.49,387.66
22-066-2014,Pcc22_066,9999,pcc_eng_22_066.0001_x1050609,pcc_eng_22_066.9999_x1066623,pile_tables/slices/Pcc22/tmp/pile_22-066_Pile-CC_df.pkl.gz,pile_tables/slices/Pcc22/pile_22-066_Pile-CC_df.pkl.gz,Pcc22.conll/pcc_eng_22-066.conllu,/share/compling/data/pile/train/22.jsonl,22,pile_tables/pile_22_Pile-CC_df.pkl.gz,pile_exclusions/pile_22_Pile-CC_excl.pkl.gz,66,2022-05-02 23:23:00,2022-05-02 23:26:00,0 days 00:02:26,066,0,0 days 00:02:26,146,2022-04-28 00:11:00,2022-05-27 21:50:00,2022-04-28 00:14:00,2022-05-26 21:32:00,1013.06,2242.64,9.54,387.32
22-067-2023,Pcc22_067,9999,pcc_eng_22_067.0001_x1066624,pcc_eng_22_067.9999_x1082799,pile_tables/slices/Pcc22/tmp/pile_22-067_Pile-CC_df.pkl.gz,pile_tables/slices/Pcc22/pile_22-067_Pile-CC_df.pkl.gz,Pcc22.conll/pcc_eng_22-067.conllu,/share/compling/data/pile/train/22.jsonl,22,pile_tables/pile_22_Pile-CC_df.pkl.gz,pile_exclusions/pile_22_Pile-CC_excl.pkl.gz,67,2022-05-02 23:34:00,2022-05-02 23:37:00,0 days 00:02:25,067,0,0 days 00:02:25,145,2022-04-28 00:11:00,2022-05-27 21:50:00,2022-04-28 00:14:00,2022-05-26 22:07:00,1013.06,2242.64,9.54,388.41
22-068-2024,Pcc22_068,9999,pcc_eng_22_068.0001_x1082800,pcc_eng_22_068.9999_x1099029,pile_tables/slices/Pcc22/tmp/pile_22-068_Pile-CC_df.pkl.gz,pile_tables/slices/Pcc22/pile_22-068_Pile-CC_df.pkl.gz,Pcc22.conll/pcc_eng_22-068.conllu,/share/compling/data/pile/train/22.jsonl,22,pile_tables/pile_22_Pile-CC_df.pkl.gz,pile_exclusions/pile_22_Pile-CC_excl.pkl.gz,68,2022-05-02 23:45:00,2022-05-02 23:47:00,0 days 00:02:06,068,0,0 days 00:02:06,126,2022-04-28 00:11:00,2022-05-27 21:50:00,2022-04-28 00:15:00,2022-05-26 22:42:00,1013.06,2242.64,9.35,378.61
22-069-2025,Pcc22_069,9999,pcc_eng_22_069.0001_x1099032,pcc_eng_22_069.9999_x1115162,pile_tables/slices/Pcc22/tmp/pile_22-069_Pile-CC_df.pkl.gz,pile_tables/slices/Pcc22/pile_22-069_Pile-CC_df.pkl.gz,Pcc22.conll/pcc_eng_22-069.conllu,/share/compling/data/pile/train/22.jsonl,22,pile_tables/pile_22_Pile-CC_df.pkl.gz,pile_exclusions/pile_22_Pile-CC_excl.pkl.gz,69,2022-05-02 23:55:00,2022-05-02 23:57:00,0 days 00:02:16,069,0,0 days 00:02:16,136,2022-04-28 00:11:00,2022-05-27 21:50:00,2022-04-28 00:15:00,2022-05-26 23:17:00,1013.06,2242.64,9.47,385.82
22-070-2032,Pcc22_070,9999,pcc_eng_22_070.0001_x1115163,pcc_eng_22_070.9999_x1131338,pile_tables/slices/Pcc22/tmp/pile_22-070_Pile-CC_df.pkl.gz,pile_tables/slices/Pcc22/pile_22-070_Pile-CC_df.pkl.gz,Pcc22.conll/pcc_eng_22-070.conllu,/share/compling/data/pile/train/22.jsonl,22,pile_tables/pile_22_Pile-CC_df.pkl.gz,pile_exclusions/pile_22_Pile-CC_excl.pkl.gz,70,2022-05-03 00:05:00,2022-05-03 00:08:00,0 days 00:02:13,070,0,0 days 00:02:13,133,2022-04-28 00:11:00,2022-05-27 21:50:00,2022-04-28 00:15:00,2022-05-26 23:52:00,1013.06,2242.64,9.35,385.06
22-071-2035,Pcc22_071,9999,pcc_eng_22_071.0001_x1131339,pcc_eng_22_071.9999_x1147552,pile_tables/slices/Pcc22/tmp/pile_22-071_Pile-CC_df.pkl.gz,pile_tables/slices/Pcc22/pile_22-071_Pile-CC_df.pkl.gz,Pcc22.conll/pcc_eng_22-071.conllu,/share/compling/data/pile/train/22.jsonl,22,pile_tables/pile_22_Pile-CC_df.pkl.gz,pile_exclusions/pile_22_Pile-CC_excl.pkl.gz,71,2022-05-03 00:16:00,2022-05-03 00:18:00,0 days 00:02:24,071,0,0 days 00:02:24,144,2022-04-28 00:11:00,2022-05-27 21:50:00,2022-04-28 00:15:00,2022-05-27 00:38:00,1013.06,2242.64,9.36,379.04
22-072-2038,Pcc22_072,9999,pcc_eng_22_072.0001_x1147553,pcc_eng_22_072.9999_x1163734,pile_tables/slices/Pcc22/tmp/pile_22-072_Pile-CC_df.pkl.gz,pile_tables/slices/Pcc22/pile_22-072_Pile-CC_df.pkl.gz,Pcc22.conll/pcc_eng_22-072.conllu,/share/compling/data/pile/train/22.jsonl,22,pile_tables/pile_22_Pile-CC_df.pkl.gz,pile_exclusions/pile_22_Pile-CC_excl.pkl.gz,72,2022-05-03 00:27:00,2022-05-03 00:29:00,0 days 00:02:26,072,0,0 days 00:02:26,146,2022-04-28 00:11:00,2022-05-27 21:50:00,2022-04-28 00:15:00,2022-05-27 01:13:00,1013.06,2242.64,9.47,386.61
22-073-2043,Pcc22_073,9999,pcc_eng_22_073.0001_x1163735,pcc_eng_22_073.9999_x1179888,pile_tables/slices/Pcc22/tmp/pile_22-073_Pile-CC_df.pkl.gz,pile_tables/slices/Pcc22/pile_22-073_Pile-CC_df.pkl.gz,Pcc22.conll/pcc_eng_22-073.conllu,/share/compling/data/pile/train/22.jsonl,22,pile_tables/pile_22_Pile-CC_df.pkl.gz,pile_exclusions/pile_22_Pile-CC_excl.pkl.gz,73,2022-05-03 00:38:00,2022-05-03 00:40:00,0 days 00:02:12,073,0,0 days 00:02:12,132,2022-04-28 00:11:00,2022-05-27 21:50:00,2022-04-28 00:15:00,2022-05-27 01:47:00,1013.06,2242.64,9.21,372.46
22-074-2046,Pcc22_074,9999,pcc_eng_22_074.0001_x1179889,pcc_eng_22_074.9999_x1196052,pile_tables/slices/Pcc22/tmp/pile_22-074_Pile-CC_df.pkl.gz,pile_tables/slices/Pcc22/pile_22-074_Pile-CC_df.pkl.gz,Pcc22.conll/pcc_eng_22-074.conllu,/share/compling/data/pile/train/22.jsonl,22,pile_tables/pile_22_Pile-CC_df.pkl.gz,pile_exclusions/pile_22_Pile-CC_excl.pkl.gz,74,2022-05-03 00:48:00,2022-05-03 00:50:00,0 days 00:02:07,074,0,0 days 00:02:07,127,2022-04-28 00:11:00,2022-05-27 21:50:00,2022-04-28 00:15:00,2022-05-27 02:23:00,1013.06,2242.64,9.37,379.14
22-075-2049,Pcc22_075,9999,pcc_eng_22_075.0001_x1196055,pcc_eng_22_075.9999_x1212179,pile_tables/slices/Pcc22/tmp/pile_22-075_Pile-CC_df.pkl.gz,pile_tables/slices/Pcc22/pile_22-075_Pile-CC_df.pkl.gz,Pcc22.conll/pcc_eng_22-075.conllu,/share/compling/data/pile/train/22.jsonl,22,pile_tables/pile_22_Pile-CC_df.pkl.gz,pile_exclusions/pile_22_Pile-CC_excl.pkl.gz,75,2022-05-03 00:59:00,2022-05-03 01:01:00,0 days 00:02:09,075,0,0 days 00:02:09,129,2022-04-28 00:11:00,2022-05-27 21:50:00,2022-04-28 00:15:00,2022-05-27 03:03:00,1013.06,2242.64,9.38,379.44
22-076-2053,Pcc22_076,9999,pcc_eng_22_076.0001_x1212180,pcc_eng_22_076.9999_x1228276,pile_tables/slices/Pcc22/tmp/pile_22-076_Pile-CC_df.pkl.gz,pile_tables/slices/Pcc22/pile_22-076_Pile-CC_df.pkl.gz,Pcc22.conll/pcc_eng_22-076.conllu,/share/compling/data/pile/train/22.jsonl,22,pile_tables/pile_22_Pile-CC_df.pkl.gz,pile_exclusions/pile_22_Pile-CC_excl.pkl.gz,76,2022-05-03 01:09:00,2022-05-03 01:11:00,0 days 00:02:23,076,0,0 days 00:02:23,143,2022-04-28 00:11:00,2022-05-27 21:50:00,2022-04-28 00:15:00,2022-05-27 03:43:00,1013.06,2242.64,9.6,391.81
22-077-2059,Pcc22_077,9999,pcc_eng_22_077.0001_x1228277,pcc_eng_22_077.9999_x1244448,pile_tables/slices/Pcc22/tmp/pile_22-077_Pile-CC_df.pkl.gz,pile_tables/slices/Pcc22/pile_22-077_Pile-CC_df.pkl.gz,Pcc22.conll/pcc_eng_22-077.conllu,/share/compling/data/pile/train/22.jsonl,22,pile_tables/pile_22_Pile-CC_df.pkl.gz,pile_exclusions/pile_22_Pile-CC_excl.pkl.gz,77,2022-05-03 01:20:00,2022-05-03 01:22:00,0 days 00:02:25,077,0,0 days 00:02:25,145,2022-04-28 00:11:00,2022-05-27 21:50:00,2022-04-28 00:15:00,2022-05-27 04:21:00,1013.06,2242.64,9.36,386.21
22-078-2062,Pcc22_078,9999,pcc_eng_22_078.0001_x1244452,pcc_eng_22_078.9999_x1260786,pile_tables/slices/Pcc22/tmp/pile_22-078_Pile-CC_df.pkl.gz,pile_tables/slices/Pcc22/pile_22-078_Pile-CC_df.pkl.gz,Pcc22.conll/pcc_eng_22-078.conllu,/share/compling/data/pile/train/22.jsonl,22,pile_tables/pile_22_Pile-CC_df.pkl.gz,pile_exclusions/pile_22_Pile-CC_excl.pkl.gz,78,2022-05-03 01:31:00,2022-05-03 01:34:00,0 days 00:02:26,078,0,0 days 00:02:26,146,2022-04-28 00:11:00,2022-05-27 21:50:00,2022-04-28 00:15:00,2022-05-27 05:06:00,1013.06,2242.64,9.39,379.86
22-079-2065,Pcc22_079,9999,pcc_eng_22_079.0001_x1260787,pcc_eng_22_079.9999_x1276867,pile_tables/slices/Pcc22/tmp/pile_22-079_Pile-CC_df.pkl.gz,pile_tables/slices/Pcc22/pile_22-079_Pile-CC_df.pkl.gz,Pcc22.conll/pcc_eng_22-079.conllu,/share/compling/data/pile/train/22.jsonl,22,pile_tables/pile_22_Pile-CC_df.pkl.gz,pile_exclusions/pile_22_Pile-CC_excl.pkl.gz,79,2022-05-03 01:42:00,2022-05-03 01:44:00,0 days 00:02:07,079,0,0 days 00:02:07,127,2022-04-28 00:11:00,2022-05-27 21:50:00,2022-04-28 00:15:00,2022-05-27 05:41:00,1013.06,2242.64,9.51,385.22
22-080-2080,Pcc22_080,9999,pcc_eng_22_080.0001_x1276868,pcc_eng_22_080.9999_x1292984,pile_tables/slices/Pcc22/tmp/pile_22-080_Pile-CC_df.pkl.gz,pile_tables/slices/Pcc22/pile_22-080_Pile-CC_df.pkl.gz,Pcc22.conll/pcc_eng_22-080.conllu,/share/compling/data/pile/train/22.jsonl,22,pile_tables/pile_22_Pile-CC_df.pkl.gz,pile_exclusions/pile_22_Pile-CC_excl.pkl.gz,80,2022-05-03 01:58:00,2022-05-03 02:30:00,0 days 00:32:06,080,0,0 days 00:32:06,1926,2022-04-28 00:11:00,2022-05-27 21:50:00,2022-04-28 00:15:00,2022-05-27 06:16:00,1013.06,2242.64,9.44,384.1
22-081-2088,Pcc22_081,9999,pcc_eng_22_081.0001_x1292986,pcc_eng_22_081.9999_x1309255,pile_tables/slices/Pcc22/tmp/pile_22-081_Pile-CC_df.pkl.gz,pile_tables/slices/Pcc22/pile_22-081_Pile-CC_df.pkl.gz,Pcc22.conll/pcc_eng_22-081.conllu,/share/compling/data/pile/train/22.jsonl,22,pile_tables/pile_22_Pile-CC_df.pkl.gz,pile_exclusions/pile_22_Pile-CC_excl.pkl.gz,81,2022-05-03 02:30:00,2022-05-03 03:01:00,0 days 00:31:05,081,0,0 days 00:31:05,1865,2022-04-28 00:11:00,2022-05-27 21:50:00,2022-04-28 00:15:00,2022-05-27 06:51:00,1013.06,2242.64,9.3,377.62
22-082-2102,Pcc22_082,9999,pcc_eng_22_082.0001_x1309256,pcc_eng_22_082.9999_x1325494,pile_tables/slices/Pcc22/tmp/pile_22-082_Pile-CC_df.pkl.gz,pile_tables/slices/Pcc22/pile_22-082_Pile-CC_df.pkl.gz,Pcc22.conll/pcc_eng_22-082.conllu,/share/compling/data/pile/train/22.jsonl,22,pile_tables/pile_22_Pile-CC_df.pkl.gz,pile_exclusions/pile_22_Pile-CC_excl.pkl.gz,82,2022-05-03 03:10:00,2022-05-03 03:42:00,0 days 00:32:13,082,0,0 days 00:32:13,1933,2022-04-28 00:11:00,2022-05-27 21:50:00,2022-04-28 00:15:00,2022-05-27 07:38:00,1013.06,2242.64,9.45,387.73
22-083-2114,Pcc22_083,9999,pcc_eng_22_083.0001_x1325495,pcc_eng_22_083.9999_x1341629,pile_tables/slices/Pcc22/tmp/pile_22-083_Pile-CC_df.pkl.gz,pile_tables/slices/Pcc22/pile_22-083_Pile-CC_df.pkl.gz,Pcc22.conll/pcc_eng_22-083.conllu,/share/compling/data/pile/train/22.jsonl,22,pile_tables/pile_22_Pile-CC_df.pkl.gz,pile_exclusions/pile_22_Pile-CC_excl.pkl.gz,83,2022-05-03 03:52:00,2022-05-03 04:24:00,0 days 00:32:19,083,0,0 days 00:32:19,1939,2022-04-28 00:11:00,2022-05-27 21:50:00,2022-04-28 00:15:00,2022-05-27 08:13:00,1013.06,2242.64,9.45,383.74
22-084-2124,Pcc22_084,9999,pcc_eng_22_084.0001_x1341630,pcc_eng_22_084.9999_x1357709,pile_tables/slices/Pcc22/tmp/pile_22-084_Pile-CC_df.pkl.gz,pile_tables/slices/Pcc22/pile_22-084_Pile-CC_df.pkl.gz,Pcc22.conll/pcc_eng_22-084.conllu,/share/compling/data/pile/train/22.jsonl,22,pile_tables/pile_22_Pile-CC_df.pkl.gz,pile_exclusions/pile_22_Pile-CC_excl.pkl.gz,84,2022-05-03 04:24:00,2022-05-03 04:55:00,0 days 00:31:05,084,0,0 days 00:31:05,1865,2022-04-28 00:11:00,2022-05-27 21:50:00,2022-04-28 00:15:00,2022-05-27 08:47:00,1013.06,2242.64,9.17,371.03
22-085-2133,Pcc22_085,9999,pcc_eng_22_085.0001_x1357710,pcc_eng_22_085.9999_x1373898,pile_tables/slices/Pcc22/tmp/pile_22-085_Pile-CC_df.pkl.gz,pile_tables/slices/Pcc22/pile_22-085_Pile-CC_df.pkl.gz,Pcc22.conll/pcc_eng_22-085.conllu,/share/compling/data/pile/train/22.jsonl,22,pile_tables/pile_22_Pile-CC_df.pkl.gz,pile_exclusions/pile_22_Pile-CC_excl.pkl.gz,85,2022-05-03 04:55:00,2022-05-03 05:26:00,0 days 00:31:19,085,0,0 days 00:31:19,1879,2022-04-28 00:11:00,2022-05-27 21:50:00,2022-04-28 00:15:00,2022-05-27 09:22:00,1013.06,2242.64,9.34,378.36
22-086-2141,Pcc22_086,9999,pcc_eng_22_086.0001_x1373899,pcc_eng_22_086.9999_x1390119,pile_tables/slices/Pcc22/tmp/pile_22-086_Pile-CC_df.pkl.gz,pile_tables/slices/Pcc22/pile_22-086_Pile-CC_df.pkl.gz,Pcc22.conll/pcc_eng_22-086.conllu,/share/compling/data/pile/train/22.jsonl,22,pile_tables/pile_22_Pile-CC_df.pkl.gz,pile_exclusions/pile_22_Pile-CC_excl.pkl.gz,86,2022-05-03 05:26:00,2022-05-03 05:58:00,0 days 00:31:22,086,0,0 days 00:31:22,1882,2022-04-28 00:11:00,2022-05-27 21:50:00,2022-04-28 00:15:00,2022-05-27 09:57:00,1013.06,2242.64,9.3,376.15
22-087-2150,Pcc22_087,9999,pcc_eng_22_087.0001_x1390120,pcc_eng_22_087.9999_x1406387,pile_tables/slices/Pcc22/tmp/pile_22-087_Pile-CC_df.pkl.gz,pile_tables/slices/Pcc22/pile_22-087_Pile-CC_df.pkl.gz,Pcc22.conll/pcc_eng_22-087.conllu,/share/compling/data/pile/train/22.jsonl,22,pile_tables/pile_22_Pile-CC_df.pkl.gz,pile_exclusions/pile_22_Pile-CC_excl.pkl.gz,87,2022-05-03 05:58:00,2022-05-03 06:29:00,0 days 00:31:37,087,0,0 days 00:31:37,1897,2022-04-28 00:11:00,2022-05-27 21:50:00,2022-04-28 00:15:00,2022-05-27 10:32:00,1013.06,2242.64,9.36,378.35
22-088-2157,Pcc22_088,9999,pcc_eng_22_088.0001_x1406389,pcc_eng_22_088.9999_x1422405,pile_tables/slices/Pcc22/tmp/pile_22-088_Pile-CC_df.pkl.gz,pile_tables/slices/Pcc22/pile_22-088_Pile-CC_df.pkl.gz,Pcc22.conll/pcc_eng_22-088.conllu,/share/compling/data/pile/train/22.jsonl,22,pile_tables/pile_22_Pile-CC_df.pkl.gz,pile_exclusions/pile_22_Pile-CC_excl.pkl.gz,88,2022-05-03 06:29:00,2022-05-03 07:02:00,0 days 00:32:35,088,0,0 days 00:32:35,1955,2022-04-28 00:11:00,2022-05-27 21:50:00,2022-04-28 00:15:00,2022-05-27 11:07:00,1013.06,2242.64,9.48,385.38
22-089-2165,Pcc22_089,9999,pcc_eng_22_089.0001_x1422406,pcc_eng_22_089.9999_x1438558,pile_tables/slices/Pcc22/tmp/pile_22-089_Pile-CC_df.pkl.gz,pile_tables/slices/Pcc22/pile_22-089_Pile-CC_df.pkl.gz,Pcc22.conll/pcc_eng_22-089.conllu,/share/compling/data/pile/train/22.jsonl,22,pile_tables/pile_22_Pile-CC_df.pkl.gz,pile_exclusions/pile_22_Pile-CC_excl.pkl.gz,89,2022-05-03 07:02:00,2022-05-03 07:34:00,0 days 00:31:54,089,0,0 days 00:31:54,1914,2022-04-28 00:11:00,2022-05-27 21:50:00,2022-04-28 00:16:00,2022-05-27 11:42:00,1013.06,2242.64,9.26,377.4
22-090-2175,Pcc22_090,9999,pcc_eng_22_090.0001_x1438560,pcc_eng_22_090.9999_x1454503,pile_tables/slices/Pcc22/tmp/pile_22-090_Pile-CC_df.pkl.gz,pile_tables/slices/Pcc22/pile_22-090_Pile-CC_df.pkl.gz,Pcc22.conll/pcc_eng_22-090.conllu,/share/compling/data/pile/train/22.jsonl,22,pile_tables/pile_22_Pile-CC_df.pkl.gz,pile_exclusions/pile_22_Pile-CC_excl.pkl.gz,90,2022-05-03 07:43:00,2022-05-03 08:14:00,0 days 00:31:09,090,0,0 days 00:31:09,1869,2022-04-28 00:11:00,2022-05-27 21:50:00,2022-04-28 00:16:00,2022-05-27 12:27:00,1013.06,2242.64,9.52,386.89
22-091-2180,Pcc22_091,9999,pcc_eng_22_091.0001_x1454507,pcc_eng_22_091.9999_x1470556,pile_tables/slices/Pcc22/tmp/pile_22-091_Pile-CC_df.pkl.gz,pile_tables/slices/Pcc22/pile_22-091_Pile-CC_df.pkl.gz,Pcc22.conll/pcc_eng_22-091.conllu,/share/compling/data/pile/train/22.jsonl,22,pile_tables/pile_22_Pile-CC_df.pkl.gz,pile_exclusions/pile_22_Pile-CC_excl.pkl.gz,91,2022-05-03 08:14:00,2022-05-03 08:45:00,0 days 00:31:22,091,0,0 days 00:31:22,1882,2022-04-28 00:11:00,2022-05-27 21:50:00,2022-04-28 00:16:00,2022-05-27 13:02:00,1013.06,2242.64,9.33,378.0
22-092-2189,Pcc22_092,9999,pcc_eng_22_092.0001_x1470557,pcc_eng_22_092.9999_x1486698,pile_tables/slices/Pcc22/tmp/pile_22-092_Pile-CC_df.pkl.gz,pile_tables/slices/Pcc22/pile_22-092_Pile-CC_df.pkl.gz,Pcc22.conll/pcc_eng_22-092.conllu,/share/compling/data/pile/train/22.jsonl,22,pile_tables/pile_22_Pile-CC_df.pkl.gz,pile_exclusions/pile_22_Pile-CC_excl.pkl.gz,92,2022-05-03 08:54:00,2022-05-03 09:27:00,0 days 00:32:39,092,0,0 days 00:32:39,1959,2022-04-28 00:11:00,2022-05-27 21:50:00,2022-04-28 00:16:00,2022-05-27 13:48:00,1013.06,2242.64,9.4,383.98
22-093-2197,Pcc22_093,9999,pcc_eng_22_093.0001_x1486699,pcc_eng_22_093.9999_x1502895,pile_tables/slices/Pcc22/tmp/pile_22-093_Pile-CC_df.pkl.gz,pile_tables/slices/Pcc22/pile_22-093_Pile-CC_df.pkl.gz,Pcc22.conll/pcc_eng_22-093.conllu,/share/compling/data/pile/train/22.jsonl,22,pile_tables/pile_22_Pile-CC_df.pkl.gz,pile_exclusions/pile_22_Pile-CC_excl.pkl.gz,93,2022-05-03 09:35:00,2022-05-03 10:06:00,0 days 00:31:06,093,0,0 days 00:31:06,1866,2022-04-28 00:11:00,2022-05-27 21:50:00,2022-04-28 00:16:00,2022-05-27 14:33:00,1013.06,2242.64,9.43,381.42
22-094-2205,Pcc22_094,9999,pcc_eng_22_094.0001_x1502896,pcc_eng_22_094.9999_x1519057,pile_tables/slices/Pcc22/tmp/pile_22-094_Pile-CC_df.pkl.gz,pile_tables/slices/Pcc22/pile_22-094_Pile-CC_df.pkl.gz,Pcc22.conll/pcc_eng_22-094.conllu,/share/compling/data/pile/train/22.jsonl,22,pile_tables/pile_22_Pile-CC_df.pkl.gz,pile_exclusions/pile_22_Pile-CC_excl.pkl.gz,94,2022-05-03 10:15:00,2022-05-03 10:47:00,0 days 00:31:30,094,0,0 days 00:31:30,1890,2022-04-28 00:11:00,2022-05-27 21:50:00,2022-04-28 00:16:00,2022-05-27 15:19:00,1013.06,2242.64,9.31,376.8
22-095-2213,Pcc22_095,9999,pcc_eng_22_095.0001_x1519058,pcc_eng_22_095.9999_x1535153,pile_tables/slices/Pcc22/tmp/pile_22-095_Pile-CC_df.pkl.gz,pile_tables/slices/Pcc22/pile_22-095_Pile-CC_df.pkl.gz,Pcc22.conll/pcc_eng_22-095.conllu,/share/compling/data/pile/train/22.jsonl,22,pile_tables/pile_22_Pile-CC_df.pkl.gz,pile_exclusions/pile_22_Pile-CC_excl.pkl.gz,95,2022-05-03 10:47:00,2022-05-03 11:18:00,0 days 00:30:59,095,0,0 days 00:30:59,1859,2022-04-28 00:11:00,2022-05-27 21:50:00,2022-04-28 00:16:00,2022-05-27 15:53:00,1013.06,2242.64,9.15,370.87
22-096-2219,Pcc22_096,9999,pcc_eng_22_096.0001_x1535154,pcc_eng_22_096.9999_x1551392,pile_tables/slices/Pcc22/tmp/pile_22-096_Pile-CC_df.pkl.gz,pile_tables/slices/Pcc22/pile_22-096_Pile-CC_df.pkl.gz,Pcc22.conll/pcc_eng_22-096.conllu,/share/compling/data/pile/train/22.jsonl,22,pile_tables/pile_22_Pile-CC_df.pkl.gz,pile_exclusions/pile_22_Pile-CC_excl.pkl.gz,96,2022-05-03 11:18:00,2022-05-03 11:50:00,0 days 00:31:53,096,0,0 days 00:31:53,1913,2022-04-28 00:11:00,2022-05-27 21:50:00,2022-04-28 00:16:00,2022-05-27 16:28:00,1013.06,2242.64,9.39,380.27
22-097-2222,Pcc22_097,9999,pcc_eng_22_097.0001_x1551394,pcc_eng_22_097.9999_x1567518,pile_tables/slices/Pcc22/tmp/pile_22-097_Pile-CC_df.pkl.gz,pile_tables/slices/Pcc22/pile_22-097_Pile-CC_df.pkl.gz,Pcc22.conll/pcc_eng_22-097.conllu,/share/compling/data/pile/train/22.jsonl,22,pile_tables/pile_22_Pile-CC_df.pkl.gz,pile_exclusions/pile_22_Pile-CC_excl.pkl.gz,97,2022-05-03 11:50:00,2022-05-03 12:21:00,0 days 00:31:39,097,0,0 days 00:31:39,1899,2022-04-28 00:11:00,2022-05-27 21:50:00,2022-04-28 00:16:00,2022-05-27 17:03:00,1013.06,2242.64,9.38,380.11
22-098-2232,Pcc22_098,9999,pcc_eng_22_098.0001_x1567519,pcc_eng_22_098.9999_x1583713,pile_tables/slices/Pcc22/tmp/pile_22-098_Pile-CC_df.pkl.gz,pile_tables/slices/Pcc22/pile_22-098_Pile-CC_df.pkl.gz,Pcc22.conll/pcc_eng_22-098.conllu,/share/compling/data/pile/train/22.jsonl,22,pile_tables/pile_22_Pile-CC_df.pkl.gz,pile_exclusions/pile_22_Pile-CC_excl.pkl.gz,98,2022-05-03 12:30:00,2022-05-03 13:04:00,0 days 00:33:35,098,0,0 days 00:33:35,2015,2022-04-28 00:11:00,2022-05-27 21:50:00,2022-04-28 00:16:00,2022-05-27 17:51:00,1013.06,2242.64,9.24,372.68
22-099-2239,Pcc22_099,9999,pcc_eng_22_099.0001_x1583714,pcc_eng_22_099.9999_x1599845,pile_tables/slices/Pcc22/tmp/pile_22-099_Pile-CC_df.pkl.gz,pile_tables/slices/Pcc22/pile_22-099_Pile-CC_df.pkl.gz,Pcc22.conll/pcc_eng_22-099.conllu,/share/compling/data/pile/train/22.jsonl,22,pile_tables/pile_22_Pile-CC_df.pkl.gz,pile_exclusions/pile_22_Pile-CC_excl.pkl.gz,99,2022-05-03 13:04:00,2022-05-03 13:36:00,0 days 00:32:07,099,0,0 days 00:32:07,1927,2022-04-28 00:11:00,2022-05-27 21:50:00,2022-04-28 00:16:00,2022-05-27 18:28:00,1013.06,2242.64,9.37,379.96
22-100-2247,Pcc22_100,9999,pcc_eng_22_100.0001_x1599846,pcc_eng_22_100.9999_x1615947,pile_tables/slices/Pcc22/tmp/pile_22-100_Pile-CC_df.pkl.gz,pile_tables/slices/Pcc22/pile_22-100_Pile-CC_df.pkl.gz,Pcc22.conll/pcc_eng_22-100.conllu,/share/compling/data/pile/train/22.jsonl,22,pile_tables/pile_22_Pile-CC_df.pkl.gz,pile_exclusions/pile_22_Pile-CC_excl.pkl.gz,100,2022-05-03 13:36:00,2022-05-03 14:09:00,0 days 00:33:02,100,0,0 days 00:33:02,1982,2022-04-28 00:11:00,2022-05-27 21:50:00,2022-04-28 00:16:00,2022-05-27 19:06:00,1013.06,2242.64,9.42,381.91
23-088-3154,Pcc23_088,9999,pcc_eng_23_088.0001_x1406027,pcc_eng_23_088.9999_x1422188,pile_tables/slices/Pcc23/tmp/pile_23-088_Pile-CC_df.pkl.gz,pile_tables/slices/Pcc23/pile_23-088_Pile-CC_df.pkl.gz,Pcc23.conll/pcc_eng_23-088.conllu,/share/compling/data/pile/train/23.jsonl,23,pile_tables/pile_23_Pile-CC_df.pkl.gz,pile_exclusions/pile_23_Pile-CC_excl.pkl.gz,88,2022-05-28 02:59:00,2022-05-28 03:34:00,0 days 00:34:22,088,0,0 days 00:34:22,2062,2022-04-20 01:42:00,2022-06-28 16:35:00,2022-04-20 01:46:00,2022-06-28 15:12:00,1012.97,1745.05,9.64,392.04
23-089-3155,Pcc23_089,9999,pcc_eng_23_089.0001_x1422189,pcc_eng_23_089.9999_x1438562,pile_tables/slices/Pcc23/tmp/pile_23-089_Pile-CC_df.pkl.gz,pile_tables/slices/Pcc23/pile_23-089_Pile-CC_df.pkl.gz,Pcc23.conll/pcc_eng_23-089.conllu,/share/compling/data/pile/train/23.jsonl,23,pile_tables/pile_23_Pile-CC_df.pkl.gz,pile_exclusions/pile_23_Pile-CC_excl.pkl.gz,89,2022-05-28 03:43:00,2022-05-28 04:17:00,0 days 00:33:49,089,0,0 days 00:33:49,2029,2022-04-20 01:42:00,2022-06-28 16:35:00,2022-04-20 01:46:00,2022-06-28 15:50:00,1012.97,1745.05,9.45,381.07
23-107-3173,Pcc23_107,9904,pcc_eng_23_107.0001_x1713668,pcc_eng_23_107.9904_x1729719,pile_tables/slices/Pcc23/tmp/pile_23-107_Pile-CC_df.pkl.gz,pile_tables/slices/Pcc23/pile_23-107_Pile-CC_df.pkl.gz,Pcc23.conll/pcc_eng_23-107.conllu,/share/compling/data/pile/train/23.jsonl,23,pile_tables/pile_23_Pile-CC_df.pkl.gz,pile_exclusions/pile_23_Pile-CC_excl.pkl.gz,107,2022-05-28 13:54:00,2022-05-28 14:26:00,0 days 00:31:59,107,0,0 days 00:31:59,1919,2022-04-20 01:42:00,2022-06-28 16:35:00,2022-04-20 01:47:00,2022-06-28 16:27:00,1012.97,1745.05,9.45,384.85
24-007-1633,Pcc24_007,9999,pcc_eng_24_007.0001_x0096697,pcc_eng_24_007.9999_x0112905,pile_tables/slices/Pcc24/tmp/pile_24-007_Pile-CC_df.pkl.gz,pile_tables/slices/Pcc24/pile_24-007_Pile-CC_df.pkl.gz,Pcc24.conll/pcc_eng_24-007.conllu,/share/compling/data/pile/train/24.jsonl,24,pile_tables/pile_24_Pile-CC_df.pkl.gz,pile_exclusions/pile_24_Pile-CC_excl.pkl.gz,7,2022-04-27 21:30:00,2022-04-27 22:13:00,0 days 00:42:45,007,0,0 days 00:42:45,2565,2022-04-20 01:41:00,2022-06-28 17:23:00,2022-04-20 01:42:00,2022-06-28 15:16:00,1013.42,1750.98,9.52,389.74
24-027-1759,Pcc24_027,9999,pcc_eng_24_027.0001_x0420393,pcc_eng_24_027.9999_x0436637,pile_tables/slices/Pcc24/tmp/pile_24-027_Pile-CC_df.pkl.gz,pile_tables/slices/Pcc24/pile_24-027_Pile-CC_df.pkl.gz,Pcc24.conll/pcc_eng_24-027.conllu,/share/compling/data/pile/train/24.jsonl,24,pile_tables/pile_24_Pile-CC_df.pkl.gz,pile_exclusions/pile_24_Pile-CC_excl.pkl.gz,27,2022-04-28 11:36:00,2022-04-28 12:17:00,0 days 00:40:36,027,0,0 days 00:40:36,2436,2022-04-20 01:41:00,2022-06-28 17:23:00,2022-04-20 01:43:00,2022-06-28 15:56:00,1013.42,1750.98,9.4,378.54
24-096-2744,Pcc24_096,9999,pcc_eng_24_096.0001_x1536546,pcc_eng_24_096.9999_x1552781,pile_tables/slices/Pcc24/tmp/pile_24-096_Pile-CC_df.pkl.gz,pile_tables/slices/Pcc24/pile_24-096_Pile-CC_df.pkl.gz,Pcc24.conll/pcc_eng_24-096.conllu,/share/compling/data/pile/train/24.jsonl,24,pile_tables/pile_24_Pile-CC_df.pkl.gz,pile_exclusions/pile_24_Pile-CC_excl.pkl.gz,96,2022-05-05 05:20:00,2022-05-05 05:47:00,0 days 00:27:13,096,0,0 days 00:27:13,1633,2022-04-20 01:41:00,2022-06-28 17:23:00,2022-04-20 01:46:00,2022-06-28 16:35:00,1013.42,1750.98,9.44,381.78
24-100-2766,Pcc24_100,9999,pcc_eng_24_100.0001_x1601534,pcc_eng_24_100.9999_x1617883,pile_tables/slices/Pcc24/tmp/pile_24-100_Pile-CC_df.pkl.gz,pile_tables/slices/Pcc24/pile_24-100_Pile-CC_df.pkl.gz,Pcc24.conll/pcc_eng_24-100.conllu,/share/compling/data/pile/train/24.jsonl,24,pile_tables/pile_24_Pile-CC_df.pkl.gz,pile_exclusions/pile_24_Pile-CC_excl.pkl.gz,100,2022-05-05 07:22:00,2022-05-05 07:49:00,0 days 00:27:09,100,0,0 days 00:27:09,1629,2022-04-20 01:41:00,2022-06-28 17:23:00,2022-04-20 01:46:00,2022-06-28 17:15:00,1013.42,1750.98,9.37,378.55
28-084-2709,Pcc28_084,9999,pcc_eng_28_084.0001_x1342705,pcc_eng_28_084.9999_x1358939,pile_tables/slices/Pcc28/tmp/pile_28-084_Pile-CC_df.pkl.gz,pile_tables/slices/Pcc28/pile_28-084_Pile-CC_df.pkl.gz,Pcc28.conll/pcc_eng_28-084.conllu,/share/compling/data/pile/train/28.jsonl,28,pile_tables/pile_28_Pile-CC_df.pkl.gz,pile_exclusions/pile_28_Pile-CC_excl.pkl.gz,84,2022-05-05 01:44:00,2022-05-05 02:17:00,0 days 00:33:05,084,0,0 days 00:33:05,1985,2022-04-02 06:13:00,2022-06-28 15:20:00,2022-04-12 21:30:00,2022-06-28 15:12:00,1014.1,1750.58,9.26,375.03
29-001-0006,29_001,9999,pcc_eng_29_001.0001_x0000001,pcc_eng_29_001.9999_x0016002,pile_tables/slices/Pcc29/tmp/pile_29-001_Pile-CC_df.pkl.gz,pile_tables/slices/Pcc29/pile_29-001_Pile-CC_df.pkl.gz,Pcc29.conll/pcc_eng_29-001.conllu,/share/compling/data/pile/train/29.jsonl,29,pile_tables/pile_29_Pile-CC_df.pkl.gz,pile_exclusions/pile_29_Pile-CC_excl.pkl.gz,1,2022-03-27 02:17:00,2022-03-27 03:03:00,0 days 00:46:13,001,0,0 days 00:46:13,2773,2022-03-27 02:12:00,2022-04-30 03:31:00,2022-04-12 21:17:00,2022-04-12 22:13:00,1015.2,0.09,9.33,376.85
29-002-0007,29_002,9999,pcc_eng_29_002.0001_x0016004,pcc_eng_29_002.9999_x0032274,pile_tables/slices/Pcc29/tmp/pile_29-002_Pile-CC_df.pkl.gz,pile_tables/slices/Pcc29/pile_29-002_Pile-CC_df.pkl.gz,Pcc29.conll/pcc_eng_29-002.conllu,/share/compling/data/pile/train/29.jsonl,29,pile_tables/pile_29_Pile-CC_df.pkl.gz,pile_exclusions/pile_29_Pile-CC_excl.pkl.gz,2,2022-03-27 03:03:00,2022-03-27 03:51:00,0 days 00:48:11,002,0,0 days 00:48:11,2891,2022-03-27 02:12:00,2022-04-30 03:31:00,2022-04-12 21:17:00,2022-04-12 23:06:00,1015.2,0.09,9.64,393.87
29-003-0008,29_003,9999,pcc_eng_29_003.0001_x0032275,pcc_eng_29_003.9999_x0048551,pile_tables/slices/Pcc29/tmp/pile_29-003_Pile-CC_df.pkl.gz,pile_tables/slices/Pcc29/pile_29-003_Pile-CC_df.pkl.gz,Pcc29.conll/pcc_eng_29-003.conllu,/share/compling/data/pile/train/29.jsonl,29,pile_tables/pile_29_Pile-CC_df.pkl.gz,pile_exclusions/pile_29_Pile-CC_excl.pkl.gz,3,2022-03-27 03:51:00,2022-03-27 04:36:00,0 days 00:44:57,003,0,0 days 00:44:57,2697,2022-03-27 02:12:00,2022-04-30 03:31:00,2022-04-12 21:17:00,2022-04-12 23:55:00,1015.2,0.09,9.4,379.54
29-004-0009,29_004,9999,pcc_eng_29_004.0001_x0048553,pcc_eng_29_004.9999_x0064721,pile_tables/slices/Pcc29/tmp/pile_29-004_Pile-CC_df.pkl.gz,pile_tables/slices/Pcc29/pile_29-004_Pile-CC_df.pkl.gz,Pcc29.conll/pcc_eng_29-004.conllu,/share/compling/data/pile/train/29.jsonl,29,pile_tables/pile_29_Pile-CC_df.pkl.gz,pile_exclusions/pile_29_Pile-CC_excl.pkl.gz,4,2022-03-27 04:36:00,2022-03-27 05:23:00,0 days 00:46:38,004,0,0 days 00:46:38,2798,2022-03-27 02:12:00,2022-04-30 03:31:00,2022-04-12 21:17:00,2022-04-13 00:47:00,1015.2,0.09,9.27,377.42
29-005-0010,29_005,9999,pcc_eng_29_005.0001_x0064722,pcc_eng_29_005.9999_x0080996,pile_tables/slices/Pcc29/tmp/pile_29-005_Pile-CC_df.pkl.gz,pile_tables/slices/Pcc29/pile_29-005_Pile-CC_df.pkl.gz,Pcc29.conll/pcc_eng_29-005.conllu,/share/compling/data/pile/train/29.jsonl,29,pile_tables/pile_29_Pile-CC_df.pkl.gz,pile_exclusions/pile_29_Pile-CC_excl.pkl.gz,5,2022-03-27 05:23:00,2022-03-27 06:08:00,0 days 00:45:22,005,0,0 days 00:45:22,2722,2022-03-27 02:12:00,2022-04-30 03:31:00,2022-04-12 21:17:00,2022-04-13 01:37:00,1015.2,0.09,9.25,374.59
29-006-0011,29_006,9999,pcc_eng_29_006.0001_x0080997,pcc_eng_29_006.9999_x0097017,pile_tables/slices/Pcc29/tmp/pile_29-006_Pile-CC_df.pkl.gz,pile_tables/slices/Pcc29/pile_29-006_Pile-CC_df.pkl.gz,Pcc29.conll/pcc_eng_29-006.conllu,/share/compling/data/pile/train/29.jsonl,29,pile_tables/pile_29_Pile-CC_df.pkl.gz,pile_exclusions/pile_29_Pile-CC_excl.pkl.gz,6,2022-03-27 06:17:00,2022-03-27 07:03:00,0 days 00:46:37,006,0,0 days 00:46:37,2797,2022-03-27 02:12:00,2022-04-30 03:31:00,2022-04-12 21:17:00,2022-04-13 02:38:00,1015.2,0.09,9.19,372.24
29-009-0056,Pcc29_9,9999,pcc_eng_29_009.0001_x0129300,pcc_eng_29_009.9999_x0145503,pile_tables/slices/Pcc29/tmp/pile_29-009_Pile-CC_df.pkl.gz,pile_tables/slices/Pcc29/pile_29-009_Pile-CC_df.pkl.gz,Pcc29.conll/pcc_eng_29-009.conllu,/share/compling/data/pile/train/29.jsonl,29,pile_tables/pile_29_Pile-CC_df.pkl.gz,pile_exclusions/pile_29_Pile-CC_excl.pkl.gz,9,2022-04-13 04:53:00,2022-04-13 04:59:00,0 days 00:05:50,009,0,0 days 00:05:50,350,2022-03-27 02:12:00,2022-04-30 03:31:00,2022-04-12 21:17:00,2022-06-22 18:19:00,1015.2,0.09,9.18,371.7
29-009-3370,Pcc29_009,9999,pcc_eng_29_009.0001_x0129300,pcc_eng_29_009.9999_x0145503,pile_tables/slices/Pcc29/tmp/pile_29-009_Pile-CC_df.pkl.gz,pile_tables/slices/Pcc29/pile_29-009_Pile-CC_df.pkl.gz,Pcc29.conll/pcc_eng_29-009.conllu,/share/compling/data/pile/train/29.jsonl,29,pile_tables/pile_29_Pile-CC_df.pkl.gz,pile_exclusions/pile_29_Pile-CC_excl.pkl.gz,9,2022-06-22 17:30:00,2022-06-22 17:32:00,0 days 00:01:40,009,0,0 days 00:01:40,100,2022-03-27 02:12:00,2022-04-30 03:31:00,2022-04-12 21:17:00,2022-06-22 18:19:00,1015.2,0.09,9.18,371.7
TE-001-0000,test_1,9999,pcc_eng_test_1.0001_x00002,pcc_eng_test_1.9999_x16049,pile_tables/slices/PccTe/tmp/pile_test-1_Pile-CC_df.pkl.gz,pile_tables/slices/PccTe/pile_test-1_Pile-CC_df.pkl.gz,PccTe.conll/pcc_eng_test-01.conllu,/share/compling/data/pile/test.jsonl,test,pile_tables/pile_test_Pile-CC_df.pkl.gz,pile_exclusions/pile_test_Pile-CC_excl.pkl.gz,1,2022-03-23 21:41:00,2022-03-23 22:27:00,0 days 00:46:08,001,0,0 days 00:46:08,2768,2022-03-23 21:41:00,2022-03-23 21:41:00,2022-04-12 20:49:00,2022-06-22 13:52:00,30.63,53.34,9.46,382.96
TE-001-0020,PccTest_1,9999,pcc_eng_test_1.0001_x00002,pcc_eng_test_1.9999_x16049,pile_tables/slices/PccTe/tmp/pile_test-1_Pile-CC_df.pkl.gz,pile_tables/slices/PccTe/pile_test-1_Pile-CC_df.pkl.gz,PccTe.conll/pcc_eng_test-01.conllu,/share/compling/data/pile/test.jsonl,test,pile_tables/pile_test_Pile-CC_df.pkl.gz,pile_exclusions/pile_test_Pile-CC_excl.pkl.gz,1,2022-04-12 23:03:00,2022-04-12 23:43:00,0 days 00:39:12,001,0,0 days 00:39:12,2352,2022-03-23 21:41:00,2022-03-23 21:41:00,2022-04-12 20:49:00,2022-06-22 13:52:00,30.63,53.34,9.46,382.96
TE-001-3359,PccTe_1,9999,pcc_eng_test_1.0001_x00002,pcc_eng_test_1.9999_x16049,pile_tables/slices/PccTe/tmp/pile_test-1_Pile-CC_df.pkl.gz,pile_tables/slices/PccTe/pile_test-1_Pile-CC_df.pkl.gz,PccTe.conll/pcc_eng_test-01.conllu,/share/compling/data/pile/test.jsonl,test,pile_tables/pile_test_Pile-CC_df.pkl.gz,pile_exclusions/pile_test_Pile-CC_excl.pkl.gz,1,2022-06-21 21:40:00,2022-06-21 22:16:00,0 days 00:36:36,001,0,0 days 00:36:36,2196,2022-03-23 21:41:00,2022-03-23 21:41:00,2022-04-12 20:49:00,2022-06-22 13:52:00,30.63,53.34,9.46,382.96
TE-002-0002,test_2,11349,pcc_eng_test_2.00001_x16050,pcc_eng_test_2.11349_x34443,pile_tables/slices/PccTe/tmp/pile_test-2_Pile-CC_df.pkl.gz,pile_tables/slices/PccTe/pile_test-2_Pile-CC_df.pkl.gz,PccTe.conll/pcc_eng_test-02.conllu,/share/compling/data/pile/test.jsonl,test,pile_tables/pile_test_Pile-CC_df.pkl.gz,pile_exclusions/pile_test_Pile-CC_excl.pkl.gz,2,2022-03-23 22:27:00,2022-03-23 23:20:00,0 days 00:52:37,002,0,0 days 00:52:37,3157,2022-03-23 21:41:00,2022-03-23 21:41:00,2022-04-12 20:49:00,2022-06-22 14:33:00,30.63,53.34,10.66,432.55
TE-002-0023,PccTest_2,11349,pcc_eng_test_2.00001_x16050,pcc_eng_test_2.11349_x34443,pile_tables/slices/PccTe/tmp/pile_test-2_Pile-CC_df.pkl.gz,pile_tables/slices/PccTe/pile_test-2_Pile-CC_df.pkl.gz,PccTe.conll/pcc_eng_test-02.conllu,/share/compling/data/pile/test.jsonl,test,pile_tables/pile_test_Pile-CC_df.pkl.gz,pile_exclusions/pile_test_Pile-CC_excl.pkl.gz,2,2022-04-12 23:43:00,2022-04-13 00:28:00,0 days 00:45:19,002,0,0 days 00:45:19,2719,2022-03-23 21:41:00,2022-03-23 21:41:00,2022-04-12 20:49:00,2022-06-22 14:33:00,30.63,53.34,10.66,432.55
TE-002-3361,PccTe_2,11349,pcc_eng_test_2.00001_x16050,pcc_eng_test_2.11349_x34443,pile_tables/slices/PccTe/tmp/pile_test-2_Pile-CC_df.pkl.gz,pile_tables/slices/PccTe/pile_test-2_Pile-CC_df.pkl.gz,PccTe.conll/pcc_eng_test-02.conllu,/share/compling/data/pile/test.jsonl,test,pile_tables/pile_test_Pile-CC_df.pkl.gz,pile_exclusions/pile_test_Pile-CC_excl.pkl.gz,2,2022-06-21 22:16:00,2022-06-21 22:58:00,0 days 00:41:25,002,0,0 days 00:41:25,2485,2022-03-23 21:41:00,2022-03-23 21:41:00,2022-04-12 20:49:00,2022-06-22 14:33:00,30.63,53.34,10.66,432.55
TE-003-0004,test_3,11350,pcc_eng_test_3.00001_x34445,pcc_eng_test_3.11350_x52789,pile_tables/slices/PccTe/tmp/pile_test-3_Pile-CC_df.pkl.gz,pile_tables/slices/PccTe/pile_test-3_Pile-CC_df.pkl.gz,PccTe.conll/pcc_eng_test-03.conllu,/share/compling/data/pile/test.jsonl,test,pile_tables/pile_test_Pile-CC_df.pkl.gz,pile_exclusions/pile_test_Pile-CC_excl.pkl.gz,3,2022-03-23 23:20:00,2022-03-24 00:12:00,0 days 00:51:56,003,0,0 days 00:51:56,3116,2022-03-23 21:41:00,2022-03-23 21:41:00,2022-04-12 20:49:00,2022-06-22 15:14:00,30.63,53.34,10.64,431.03
TE-003-0264,PccTest_3,11350,pcc_eng_test_3.00001_x34445,pcc_eng_test_3.11350_x52789,pile_tables/slices/PccTe/tmp/pile_test-3_Pile-CC_df.pkl.gz,pile_tables/slices/PccTe/pile_test-3_Pile-CC_df.pkl.gz,PccTe.conll/pcc_eng_test-03.conllu,/share/compling/data/pile/test.jsonl,test,pile_tables/pile_test_Pile-CC_df.pkl.gz,pile_exclusions/pile_test_Pile-CC_excl.pkl.gz,3,2022-04-19 22:41:00,2022-04-19 23:17:00,0 days 00:36:26,003,0,0 days 00:36:26,2186,2022-03-23 21:41:00,2022-03-23 21:41:00,2022-04-12 20:49:00,2022-06-22 15:14:00,30.63,53.34,10.64,431.03
TE-003-3363,PccTe_3,11350,pcc_eng_test_3.00001_x34445,pcc_eng_test_3.11350_x52789,pile_tables/slices/PccTe/tmp/pile_test-3_Pile-CC_df.pkl.gz,pile_tables/slices/PccTe/pile_test-3_Pile-CC_df.pkl.gz,PccTe.conll/pcc_eng_test-03.conllu,/share/compling/data/pile/test.jsonl,test,pile_tables/pile_test_Pile-CC_df.pkl.gz,pile_exclusions/pile_test_Pile-CC_excl.pkl.gz,3,2022-06-21 22:58:00,2022-06-21 23:39:00,0 days 00:41:38,003,0,0 days 00:41:38,2498,2022-03-23 21:41:00,2022-03-23 21:41:00,2022-04-12 20:49:00,2022-06-22 15:14:00,30.63,53.34,10.64,431.03
VA-001-0001,val_1,9999,pcc_eng_val_1.0001_x00001,pcc_eng_val_1.9999_x16202,pile_tables/slices/PccVa/tmp/pile_val-1_Pile-CC_df.pkl.gz,pile_tables/slices/PccVa/pile_val-1_Pile-CC_df.pkl.gz,PccVa.conll/pcc_eng_val-01.conllu,/share/compling/data/pile/val.jsonl,val,pile_tables/pile_val_Pile-CC_df.pkl.gz,pile_exclusions/pile_val_Pile-CC_excl.pkl.gz,1,2022-03-23 21:41:00,2022-03-23 22:35:00,0 days 00:53:46,001,0,0 days 00:53:46,3226,2022-03-23 21:41:00,2022-03-23 21:41:00,2022-04-12 20:49:00,2022-06-22 13:51:00,30.53,53.1,9.4,380.07
VA-001-0012,PccVal_1,9999,pcc_eng_val_1.0001_x00001,pcc_eng_val_1.9999_x16202,pile_tables/slices/PccVa/tmp/pile_val-1_Pile-CC_df.pkl.gz,pile_tables/slices/PccVa/pile_val-1_Pile-CC_df.pkl.gz,PccVa.conll/pcc_eng_val-01.conllu,/share/compling/data/pile/val.jsonl,val,pile_tables/pile_val_Pile-CC_df.pkl.gz,pile_exclusions/pile_val_Pile-CC_excl.pkl.gz,1,2022-04-12 20:49:00,2022-04-12 21:36:00,0 days 00:47:02,001,0,0 days 00:47:02,2822,2022-03-23 21:41:00,2022-03-23 21:41:00,2022-04-12 20:49:00,2022-06-22 13:51:00,30.53,53.1,9.4,380.07
VA-001-3358,PccVa_1,9999,pcc_eng_val_1.0001_x00001,pcc_eng_val_1.9999_x16202,pile_tables/slices/PccVa/tmp/pile_val-1_Pile-CC_df.pkl.gz,pile_tables/slices/PccVa/pile_val-1_Pile-CC_df.pkl.gz,PccVa.conll/pcc_eng_val-01.conllu,/share/compling/data/pile/val.jsonl,val,pile_tables/pile_val_Pile-CC_df.pkl.gz,pile_exclusions/pile_val_Pile-CC_excl.pkl.gz,1,2022-06-21 21:40:00,2022-06-21 22:16:00,0 days 00:36:05,001,0,0 days 00:36:05,2165,2022-03-23 21:41:00,2022-03-23 21:41:00,2022-04-12 20:49:00,2022-06-22 13:51:00,30.53,53.1,9.4,380.07
VA-002-0003,val_2,11306,pcc_eng_val_2.00001_x16204,pcc_eng_val_2.11306_x34544,pile_tables/slices/PccVa/tmp/pile_val-2_Pile-CC_df.pkl.gz,pile_tables/slices/PccVa/pile_val-2_Pile-CC_df.pkl.gz,PccVa.conll/pcc_eng_val-02.conllu,/share/compling/data/pile/val.jsonl,val,pile_tables/pile_val_Pile-CC_df.pkl.gz,pile_exclusions/pile_val_Pile-CC_excl.pkl.gz,2,2022-03-23 22:35:00,2022-03-23 23:36:00,0 days 01:00:54,002,0,0 days 01:00:54,3654,2022-03-23 21:41:00,2022-03-23 21:41:00,2022-04-12 20:49:00,2022-06-22 14:35:00,30.53,53.1,10.74,435.65
VA-002-0015,PccVal_2,11306,pcc_eng_val_2.00001_x16204,pcc_eng_val_2.11306_x34544,pile_tables/slices/PccVa/tmp/pile_val-2_Pile-CC_df.pkl.gz,pile_tables/slices/PccVa/pile_val-2_Pile-CC_df.pkl.gz,PccVa.conll/pcc_eng_val-02.conllu,/share/compling/data/pile/val.jsonl,val,pile_tables/pile_val_Pile-CC_df.pkl.gz,pile_exclusions/pile_val_Pile-CC_excl.pkl.gz,2,2022-04-12 21:36:00,2022-04-12 22:24:00,0 days 00:48:23,002,0,0 days 00:48:23,2903,2022-03-23 21:41:00,2022-03-23 21:41:00,2022-04-12 20:49:00,2022-06-22 14:35:00,30.53,53.1,10.74,435.65
VA-002-3360,PccVa_2,11306,pcc_eng_val_2.00001_x16204,pcc_eng_val_2.11306_x34544,pile_tables/slices/PccVa/tmp/pile_val-2_Pile-CC_df.pkl.gz,pile_tables/slices/PccVa/pile_val-2_Pile-CC_df.pkl.gz,PccVa.conll/pcc_eng_val-02.conllu,/share/compling/data/pile/val.jsonl,val,pile_tables/pile_val_Pile-CC_df.pkl.gz,pile_exclusions/pile_val_Pile-CC_excl.pkl.gz,2,2022-06-21 22:16:00,2022-06-21 22:57:00,0 days 00:41:33,002,0,0 days 00:41:33,2493,2022-03-23 21:41:00,2022-03-23 21:41:00,2022-04-12 20:49:00,2022-06-22 14:35:00,30.53,53.1,10.74,435.65
VA-003-0005,val_3,11307,pcc_eng_val_3.00001_x34545,pcc_eng_val_3.11307_x52791,pile_tables/slices/PccVa/tmp/pile_val-3_Pile-CC_df.pkl.gz,pile_tables/slices/PccVa/pile_val-3_Pile-CC_df.pkl.gz,PccVa.conll/pcc_eng_val-03.conllu,/share/compling/data/pile/val.jsonl,val,pile_tables/pile_val_Pile-CC_df.pkl.gz,pile_exclusions/pile_val_Pile-CC_excl.pkl.gz,3,2022-03-23 23:36:00,2022-03-24 00:35:00,0 days 00:58:52,003,0,0 days 00:58:52,3532,2022-03-23 21:41:00,2022-03-23 21:41:00,2022-04-12 20:49:00,2022-06-22 15:17:00,30.53,53.1,10.51,424.35
VA-003-0018,PccVal_3,11307,pcc_eng_val_3.00001_x34545,pcc_eng_val_3.11307_x52791,pile_tables/slices/PccVa/tmp/pile_val-3_Pile-CC_df.pkl.gz,pile_tables/slices/PccVa/pile_val-3_Pile-CC_df.pkl.gz,PccVa.conll/pcc_eng_val-03.conllu,/share/compling/data/pile/val.jsonl,val,pile_tables/pile_val_Pile-CC_df.pkl.gz,pile_exclusions/pile_val_Pile-CC_excl.pkl.gz,3,2022-04-12 22:24:00,2022-04-12 23:14:00,0 days 00:49:16,003,0,0 days 00:49:16,2956,2022-03-23 21:41:00,2022-03-23 21:41:00,2022-04-12 20:49:00,2022-06-22 15:17:00,30.53,53.1,10.51,424.35
VA-003-3362,PccVa_3,11307,pcc_eng_val_3.00001_x34545,pcc_eng_val_3.11307_x52791,pile_tables/slices/PccVa/tmp/pile_val-3_Pile-CC_df.pkl.gz,pile_tables/slices/PccVa/pile_val-3_Pile-CC_df.pkl.gz,PccVa.conll/pcc_eng_val-03.conllu,/share/compling/data/pile/val.jsonl,val,pile_tables/pile_val_Pile-CC_df.pkl.gz,pile_exclusions/pile_val_Pile-CC_excl.pkl.gz,3,2022-06-21 22:57:00,2022-06-21 23:38:00,0 days 00:40:44,003,0,0 days 00:40:44,2444,2022-03-23 21:41:00,2022-03-23 21:41:00,2022-04-12 20:49:00,2022-06-22 15:17:00,30.53,53.1,10.51,424.35
